Sample,pondID,year,long,lat,SC,Nonindependent,WildSequenced,Species,AxCF1Hybrid,Continent,country
March15_2019_DBunk_MomPE1,DBunk,2019,-2.09237,50.64259,G,0,1,Daphnia obtusa,0,Europe,Daphnia.obtusa.Europe.GBR
March15_2019_DBunk_MomPE20,DBunk,2019,-2.09237,50.64259,G,0,1,Daphnia obtusa,0,Europe,Daphnia.obtusa.Europe.GBR
March20_2018_DBunk_10,DBunk,2018,-2.09237,50.64259,G,0,1,Daphnia obtusa,0,Europe,Daphnia.obtusa.Europe.GBR
March20_2018_DBunk_18,DBunk,2018,-2.09237,50.64259,G,0,1,Daphnia obtusa,0,Europe,Daphnia.obtusa.Europe.GBR
March20_2018_DBunk_21,DBunk,2018,-2.09237,50.64259,G,0,1,Daphnia obtusa,0,Europe,Daphnia.obtusa.Europe.GBR
March20_2018_DBunk_22,DBunk,2018,-2.09237,50.64259,G,0,1,Daphnia obtusa,0,Europe,Daphnia.obtusa.Europe.GBR
March20_2018_DBunk_23,DBunk,2018,-2.09237,50.64259,G,0,1,Daphnia obtusa,0,Europe,Daphnia.obtusa.Europe.GBR
March20_2018_DBunk_26,DBunk,2018,-2.09237,50.64259,G,0,1,Daphnia obtusa,0,Europe,Daphnia.obtusa.Europe.GBR
March20_2018_DBunk_37,DBunk,2018,-2.09237,50.64259,G,0,1,Daphnia obtusa,0,Europe,Daphnia.obtusa.Europe.GBR
March20_2018_DBunk_38,DBunk,2018,-2.09237,50.64259,G,0,1,Daphnia obtusa,0,Europe,Daphnia.obtusa.Europe.GBR
March20_2018_DBunk_40,DBunk,2018,-2.09237,50.64259,G,0,1,Daphnia obtusa,0,Europe,Daphnia.obtusa.Europe.GBR
March20_2018_DBunk_41,DBunk,2018,-2.09237,50.64259,G,0,1,Daphnia obtusa,0,Europe,Daphnia.obtusa.Europe.GBR
March20_2018_DBunk_42,DBunk,2018,-2.09237,50.64259,G,0,1,Daphnia obtusa,0,Europe,Daphnia.obtusa.Europe.GBR
March20_2018_DBunk_43,DBunk,2018,-2.09237,50.64259,G,0,1,Daphnia obtusa,0,Europe,Daphnia.obtusa.Europe.GBR
index_8nt_N7_10-index_8nt_N5_184_SL378835_Spring_2018_Pond19_50,Pond19,2018,-0.607703,51.087745,,NA,NA,Daphnia obtusa,NA,Europe,Daphnia.obtusa.Europe.GBR
SRR5012393,,NA,-87.7366,40.1224,,NA,NA,Daphnia obtusa,NA,NorthAmerica,Daphnia.obtusa.NorthAmerica.USA
SRR5012394,,NA,-87.7366,40.1224,,NA,NA,Daphnia obtusa,NA,NorthAmerica,Daphnia.obtusa.NorthAmerica.USA
SRR5012395,,NA,-87.7366,40.1224,,NA,NA,Daphnia obtusa,NA,NorthAmerica,Daphnia.obtusa.NorthAmerica.USA
SRR5012396,,NA,-87.7366,40.1224,,NA,NA,Daphnia obtusa,NA,NorthAmerica,Daphnia.obtusa.NorthAmerica.USA
SRR5012770,,NA,-87.7366,40.1224,,NA,NA,Daphnia obtusa,NA,NorthAmerica,Daphnia.obtusa.NorthAmerica.USA
SRR5012771,,NA,-87.7366,40.1224,,NA,NA,Daphnia obtusa,NA,NorthAmerica,Daphnia.obtusa.NorthAmerica.USA
SRR5012772,,NA,-87.7366,40.1224,,NA,NA,Daphnia obtusa,NA,NorthAmerica,Daphnia.obtusa.NorthAmerica.USA
SRR5012773,,NA,-87.7366,40.1224,,NA,NA,Daphnia obtusa,NA,NorthAmerica,Daphnia.obtusa.NorthAmerica.USA
April17_2018_D8_Male1,D8,2018,-2.091652,50.64256,OO,0,1,Daphnia pulex,1,Europe,Daphnia.pulex.Europe.GBR
April17_2018_D8_Male2,D8,2018,-2.091652,50.64256,T,0,1,Daphnia pulex,1,Europe,Daphnia.pulex.Europe.GBR
April17_2018_D8_Male3,D8,2018,-2.091652,50.64256,X,0,1,Daphnia pulex,1,Europe,Daphnia.pulex.Europe.GBR
April17_2018_D8_Male4,D8,2018,-2.091652,50.64256,AB,0,1,Daphnia pulex,1,Europe,Daphnia.pulex.Europe.GBR
April17_2018_D8_Male5,D8,2018,-2.091652,50.64256,Q,0,1,Daphnia pulex,1,Europe,Daphnia.pulex.Europe.GBR
April29_2018_D8_MomPE1,D8,2018,-2.091652,50.64256,OO,0,1,Daphnia pulex,1,Europe,Daphnia.pulex.Europe.GBR
April29_2018_D8_MomPE2,D8,2018,-2.091652,50.64256,AB,0,1,Daphnia pulex,1,Europe,Daphnia.pulex.Europe.GBR
April29_2018_D8_MomPE3,D8,2018,-2.091652,50.64256,U,0,1,Daphnia pulex,1,Europe,Daphnia.pulex.Europe.GBR
April29_2018_D8_MomPE4,D8,2018,-2.091652,50.64256,OO,0,1,Daphnia pulex,1,Europe,Daphnia.pulex.Europe.GBR
April29_2018_D8_MomPE5,D8,2018,-2.091652,50.64256,U,0,1,Daphnia pulex,1,Europe,Daphnia.pulex.Europe.GBR
April29_2018_DBunk_Male1,DBunk,2018,-2.09237,50.64259,OO,0,1,Daphnia pulex,0,Europe,Daphnia.pulex.Europe.GBR
April29_2018_DBunk_Male2,DBunk,2018,-2.09237,50.64259,I,0,1,Daphnia pulex,0,Europe,Daphnia.pulex.Europe.GBR
April29_2018_DBunk_Male3,DBunk,2018,-2.09237,50.64259,U,0,1,Daphnia pulex,1,Europe,Daphnia.pulex.Europe.GBR
April29_2018_DBunk_Male4,DBunk,2018,-2.09237,50.64259,N,0,1,Daphnia pulex,0,Europe,Daphnia.pulex.Europe.GBR
April29_2018_DBunk_Male5,DBunk,2018,-2.09237,50.64259,J,0,1,Daphnia pulex,0,Europe,Daphnia.pulex.Europe.GBR
April29_2018_DBunk_MomPE1,DBunk,2018,-2.09237,50.64259,I,0,1,Daphnia pulex,0,Europe,Daphnia.pulex.Europe.GBR
April29_2018_DBunk_MomPE2,DBunk,2018,-2.09237,50.64259,N,0,1,Daphnia pulex,0,Europe,Daphnia.pulex.Europe.GBR
April29_2018_DBunk_MomPE3,DBunk,2018,-2.09237,50.64259,OO,0,1,Daphnia pulex,1,Europe,Daphnia.pulex.Europe.GBR
April29_2018_DBunk_MomPE4,DBunk,2018,-2.09237,50.64259,AC,0,1,Daphnia pulex,0,Europe,Daphnia.pulex.Europe.GBR
April29_2018_DBunk_MomPE5,DBunk,2018,-2.09237,50.64259,Q,0,1,Daphnia pulex,1,Europe,Daphnia.pulex.Europe.GBR
April29_2018_DCat_Male1,DCat,2018,-2.09121,50.64245,B,0,1,Daphnia pulex,0,Europe,Daphnia.pulex.Europe.GBR
April29_2018_DCat_Male2,DCat,2018,-2.09121,50.64245,B,0,1,Daphnia pulex,0,Europe,Daphnia.pulex.Europe.GBR
April29_2018_DCat_Male3,DCat,2018,-2.09121,50.64245,B,0,1,Daphnia pulex,0,Europe,Daphnia.pulex.Europe.GBR
April29_2018_DCat_Male4,DCat,2018,-2.09121,50.64245,B,0,1,Daphnia pulex,0,Europe,Daphnia.pulex.Europe.GBR
April29_2018_DCat_Male5,DCat,2018,-2.09121,50.64245,B,0,1,Daphnia pulex,0,Europe,Daphnia.pulex.Europe.GBR
April29_2018_DCat_MomPE1,DCat,2018,-2.09121,50.64245,B,0,1,Daphnia pulex,0,Europe,Daphnia.pulex.Europe.GBR
April29_2018_DCat_MomPE2,DCat,2018,-2.09121,50.64245,B,0,1,Daphnia pulex,0,Europe,Daphnia.pulex.Europe.GBR
April29_2018_DCat_MomPE3,DCat,2018,-2.09121,50.64245,B,0,1,Daphnia pulex,0,Europe,Daphnia.pulex.Europe.GBR
April29_2018_DCat_MomPE4,DCat,2018,-2.09121,50.64245,B,0,1,Daphnia pulex,0,Europe,Daphnia.pulex.Europe.GBR
April29_2018_DCat_MomPE5,DCat,2018,-2.09121,50.64245,B,0,1,Daphnia pulex,0,Europe,Daphnia.pulex.Europe.GBR
April_2017_D8_101,D8,2017,-2.091652,50.64256,R,0,0,Daphnia pulex,0,Europe,Daphnia.pulex.Europe.GBR
April_2017_D8_103,D8,2017,-2.091652,50.64256,A,0,0,Daphnia pulex,0,Europe,Daphnia.pulex.Europe.GBR
April_2017_D8_119,D8,2017,-2.091652,50.64256,A,0,0,Daphnia pulex,0,Europe,Daphnia.pulex.Europe.GBR
April_2017_D8_125,D8,2017,-2.091652,50.64256,C,0,0,Daphnia pulex,0,Europe,Daphnia.pulex.Europe.GBR
April_2017_D8_130,D8,2017,-2.091652,50.64256,C,0,0,Daphnia pulex,0,Europe,Daphnia.pulex.Europe.GBR
April_2017_D8_131,D8,2017,-2.091652,50.64256,A,0,0,Daphnia pulex,0,Europe,Daphnia.pulex.Europe.GBR
April_2017_D8_132,D8,2017,-2.091652,50.64256,A,0,0,Daphnia pulex,0,Europe,Daphnia.pulex.Europe.GBR
April_2017_D8_133,D8,2017,-2.091652,50.64256,A,0,0,Daphnia pulex,0,Europe,Daphnia.pulex.Europe.GBR
April_2017_D8_134,D8,2017,-2.091652,50.64256,OO,0,0,Daphnia pulex,0,Europe,Daphnia.pulex.Europe.GBR
April_2017_D8_135,D8,2017,-2.091652,50.64256,A,0,0,Daphnia pulex,0,Europe,Daphnia.pulex.Europe.GBR
April_2017_D8_136,D8,2017,-2.091652,50.64256,A,0,0,Daphnia pulex,0,Europe,Daphnia.pulex.Europe.GBR
April_2017_D8_137,D8,2017,-2.091652,50.64256,OO,0,0,Daphnia pulex,0,Europe,Daphnia.pulex.Europe.GBR
April_2017_D8_141,D8,2017,-2.091652,50.64256,A,0,0,Daphnia pulex,0,Europe,Daphnia.pulex.Europe.GBR
April_2017_D8_142,D8,2017,-2.091652,50.64256,A,0,0,Daphnia pulex,0,Europe,Daphnia.pulex.Europe.GBR
April_2017_D8_143,D8,2017,-2.091652,50.64256,C,0,0,Daphnia pulex,0,Europe,Daphnia.pulex.Europe.GBR
April_2017_D8_147,D8,2017,-2.091652,50.64256,A,0,0,Daphnia pulex,0,Europe,Daphnia.pulex.Europe.GBR
April_2017_D8_150,D8,2017,-2.091652,50.64256,A,0,0,Daphnia pulex,0,Europe,Daphnia.pulex.Europe.GBR
April_2017_D8_151,D8,2017,-2.091652,50.64256,C,0,0,Daphnia pulex,0,Europe,Daphnia.pulex.Europe.GBR
April_2017_D8_157,D8,2017,-2.091652,50.64256,A,0,0,Daphnia pulex,0,Europe,Daphnia.pulex.Europe.GBR
April_2017_D8_165,D8,2017,-2.091652,50.64256,C,0,0,Daphnia pulex,0,Europe,Daphnia.pulex.Europe.GBR
April_2017_D8_167,D8,2017,-2.091652,50.64256,A,0,0,Daphnia pulex,0,Europe,Daphnia.pulex.Europe.GBR
April_2017_D8_17,D8,2017,-2.091652,50.64256,C,0,0,Daphnia pulex,0,Europe,Daphnia.pulex.Europe.GBR
April_2017_D8_175,D8,2017,-2.091652,50.64256,A,0,0,Daphnia pulex,0,Europe,Daphnia.pulex.Europe.GBR
April_2017_D8_179,D8,2017,-2.091652,50.64256,A,0,0,Daphnia pulex,0,Europe,Daphnia.pulex.Europe.GBR
April_2017_D8_18,D8,2017,-2.091652,50.64256,C,0,0,Daphnia pulex,0,Europe,Daphnia.pulex.Europe.GBR
April_2017_D8_183,D8,2017,-2.091652,50.64256,A,0,0,Daphnia pulex,0,Europe,Daphnia.pulex.Europe.GBR
April_2017_D8_191,D8,2017,-2.091652,50.64256,A,0,0,Daphnia pulex,0,Europe,Daphnia.pulex.Europe.GBR
April_2017_D8_201,D8,2017,-2.091652,50.64256,A,0,0,Daphnia pulex,0,Europe,Daphnia.pulex.Europe.GBR
April_2017_D8_202,D8,2017,-2.091652,50.64256,A,0,0,Daphnia pulex,0,Europe,Daphnia.pulex.Europe.GBR
April_2017_D8_203,D8,2017,-2.091652,50.64256,A,0,0,Daphnia pulex,0,Europe,Daphnia.pulex.Europe.GBR
April_2017_D8_205,D8,2017,-2.091652,50.64256,A,0,0,Daphnia pulex,0,Europe,Daphnia.pulex.Europe.GBR
April_2017_D8_209,D8,2017,-2.091652,50.64256,A,0,0,Daphnia pulex,0,Europe,Daphnia.pulex.Europe.GBR
April_2017_D8_210,D8,2017,-2.091652,50.64256,C,0,0,Daphnia pulex,0,Europe,Daphnia.pulex.Europe.GBR
April_2017_D8_211,D8,2017,-2.091652,50.64256,A,0,0,Daphnia pulex,0,Europe,Daphnia.pulex.Europe.GBR
April_2017_D8_212,D8,2017,-2.091652,50.64256,A,0,0,Daphnia pulex,0,Europe,Daphnia.pulex.Europe.GBR
April_2017_D8_213,D8,2017,-2.091652,50.64256,A,0,0,Daphnia pulex,0,Europe,Daphnia.pulex.Europe.GBR
April_2017_D8_214,D8,2017,-2.091652,50.64256,roC,0,0,Daphnia pulex,0,Europe,Daphnia.pulex.Europe.GBR
April_2017_D8_215,D8,2017,-2.091652,50.64256,A,0,0,Daphnia pulex,0,Europe,Daphnia.pulex.Europe.GBR
April_2017_D8_222,D8,2017,-2.091652,50.64256,C,0,0,Daphnia pulex,0,Europe,Daphnia.pulex.Europe.GBR
April_2017_D8_223,D8,2017,-2.091652,50.64256,A,0,0,Daphnia pulex,0,Europe,Daphnia.pulex.Europe.GBR
April_2017_D8_227,D8,2017,-2.091652,50.64256,A,0,0,Daphnia pulex,0,Europe,Daphnia.pulex.Europe.GBR
April_2017_D8_230,D8,2017,-2.091652,50.64256,A,0,0,Daphnia pulex,0,Europe,Daphnia.pulex.Europe.GBR
April_2017_D8_239,D8,2017,-2.091652,50.64256,A,0,0,Daphnia pulex,0,Europe,Daphnia.pulex.Europe.GBR
April_2017_D8_248,D8,2017,-2.091652,50.64256,A,0,0,Daphnia pulex,0,Europe,Daphnia.pulex.Europe.GBR
April_2017_D8_249,D8,2017,-2.091652,50.64256,A,0,0,Daphnia pulex,0,Europe,Daphnia.pulex.Europe.GBR
April_2017_D8_251,D8,2017,-2.091652,50.64256,A,0,0,Daphnia pulex,0,Europe,Daphnia.pulex.Europe.GBR
April_2017_D8_254,D8,2017,-2.091652,50.64256,A,0,0,Daphnia pulex,0,Europe,Daphnia.pulex.Europe.GBR
April_2017_D8_256,D8,2017,-2.091652,50.64256,A,0,0,Daphnia pulex,0,Europe,Daphnia.pulex.Europe.GBR
April_2017_D8_27,D8,2017,-2.091652,50.64256,C,0,0,Daphnia pulex,0,Europe,Daphnia.pulex.Europe.GBR
April_2017_D8_285,D8,2017,-2.091652,50.64256,A,0,0,Daphnia pulex,0,Europe,Daphnia.pulex.Europe.GBR
April_2017_D8_298,D8,2017,-2.091652,50.64256,A,0,0,Daphnia pulex,0,Europe,Daphnia.pulex.Europe.GBR
April_2017_D8_304,D8,2017,-2.091652,50.64256,A,0,0,Daphnia pulex,0,Europe,Daphnia.pulex.Europe.GBR
April_2017_D8_305,D8,2017,-2.091652,50.64256,A,0,0,Daphnia pulex,0,Europe,Daphnia.pulex.Europe.GBR
April_2017_D8_32,D8,2017,-2.091652,50.64256,C,0,0,Daphnia pulex,0,Europe,Daphnia.pulex.Europe.GBR
April_2017_D8_326,D8,2017,-2.091652,50.64256,C,0,0,Daphnia pulex,0,Europe,Daphnia.pulex.Europe.GBR
April_2017_D8_338,D8,2017,-2.091652,50.64256,A,0,0,Daphnia pulex,0,Europe,Daphnia.pulex.Europe.GBR
April_2017_D8_342,D8,2017,-2.091652,50.64256,A,0,0,Daphnia pulex,0,Europe,Daphnia.pulex.Europe.GBR
April_2017_D8_349,D8,2017,-2.091652,50.64256,A,0,0,Daphnia pulex,0,Europe,Daphnia.pulex.Europe.GBR
April_2017_D8_355,D8,2017,-2.091652,50.64256,A,0,0,Daphnia pulex,0,Europe,Daphnia.pulex.Europe.GBR
April_2017_D8_359,D8,2017,-2.091652,50.64256,A,0,0,Daphnia pulex,0,Europe,Daphnia.pulex.Europe.GBR
April_2017_D8_360,D8,2017,-2.091652,50.64256,A,0,0,Daphnia pulex,0,Europe,Daphnia.pulex.Europe.GBR
April_2017_D8_373,D8,2017,-2.091652,50.64256,A,0,0,Daphnia pulex,0,Europe,Daphnia.pulex.Europe.GBR
April_2017_D8_399,D8,2017,-2.091652,50.64256,A,0,0,Daphnia pulex,0,Europe,Daphnia.pulex.Europe.GBR
April_2017_D8_47,D8,2017,-2.091652,50.64256,C,0,0,Daphnia pulex,0,Europe,Daphnia.pulex.Europe.GBR
April_2017_D8_48,D8,2017,-2.091652,50.64256,C,0,0,Daphnia pulex,0,Europe,Daphnia.pulex.Europe.GBR
April_2017_D8_515R,D8,2017,-2.091652,50.64256,C,1,0,Daphnia pulex,0,Europe,Daphnia.pulex.Europe.GBR
April_2017_D8_55,D8,2017,-2.091652,50.64256,R,0,0,Daphnia pulex,0,Europe,Daphnia.pulex.Europe.GBR
April_2017_D8_58,D8,2017,-2.091652,50.64256,C,0,0,Daphnia pulex,0,Europe,Daphnia.pulex.Europe.GBR
April_2017_D8_60,D8,2017,-2.091652,50.64256,A,0,0,Daphnia pulex,0,Europe,Daphnia.pulex.Europe.GBR
April_2017_D8_65,D8,2017,-2.091652,50.64256,A,0,0,Daphnia pulex,0,Europe,Daphnia.pulex.Europe.GBR
April_2017_D8_73,D8,2017,-2.091652,50.64256,A,0,0,Daphnia pulex,0,Europe,Daphnia.pulex.Europe.GBR
April_2017_D8_77,D8,2017,-2.091652,50.64256,A,0,0,Daphnia pulex,0,Europe,Daphnia.pulex.Europe.GBR
April_2017_D8_79,D8,2017,-2.091652,50.64256,C,0,0,Daphnia pulex,0,Europe,Daphnia.pulex.Europe.GBR
April_2017_D8_9,D8,2017,-2.091652,50.64256,R,0,0,Daphnia pulex,0,Europe,Daphnia.pulex.Europe.GBR
April_2017_D8_91,D8,2017,-2.091652,50.64256,C,0,0,Daphnia pulex,0,Europe,Daphnia.pulex.Europe.GBR
April_2017_DBunk_103,DBunk,2017,-2.09237,50.64259,OO,0,0,Daphnia pulex,0,Europe,Daphnia.pulex.Europe.GBR
April_2017_DBunk_108,DBunk,2017,-2.09237,50.64259,L,0,0,Daphnia pulex,0,Europe,Daphnia.pulex.Europe.GBR
April_2017_DBunk_11,DBunk,2017,-2.09237,50.64259,K,0,0,Daphnia pulex,0,Europe,Daphnia.pulex.Europe.GBR
April_2017_DBunk_111,DBunk,2017,-2.09237,50.64259,OO,0,0,Daphnia pulex,0,Europe,Daphnia.pulex.Europe.GBR
April_2017_DBunk_112,DBunk,2017,-2.09237,50.64259,M,0,0,Daphnia pulex,0,Europe,Daphnia.pulex.Europe.GBR
April_2017_DBunk_119,DBunk,2017,-2.09237,50.64259,AD,0,0,Daphnia pulex,0,Europe,Daphnia.pulex.Europe.GBR
April_2017_DBunk_121,DBunk,2017,-2.09237,50.64259,OO,0,0,Daphnia pulex,0,Europe,Daphnia.pulex.Europe.GBR
April_2017_DBunk_128,DBunk,2017,-2.09237,50.64259,OO,0,0,Daphnia pulex,0,Europe,Daphnia.pulex.Europe.GBR
April_2017_DBunk_129,DBunk,2017,-2.09237,50.64259,OO,0,0,Daphnia pulex,0,Europe,Daphnia.pulex.Europe.GBR
April_2017_DBunk_13,DBunk,2017,-2.09237,50.64259,OO,0,0,Daphnia pulex,0,Europe,Daphnia.pulex.Europe.GBR
April_2017_DBunk_131,DBunk,2017,-2.09237,50.64259,OO,0,0,Daphnia pulex,0,Europe,Daphnia.pulex.Europe.GBR
April_2017_DBunk_132,DBunk,2017,-2.09237,50.64259,OO,0,0,Daphnia pulex,0,Europe,Daphnia.pulex.Europe.GBR
April_2017_DBunk_133,DBunk,2017,-2.09237,50.64259,OO,0,0,Daphnia pulex,0,Europe,Daphnia.pulex.Europe.GBR
April_2017_DBunk_137,DBunk,2017,-2.09237,50.64259,OO,0,0,Daphnia pulex,0,Europe,Daphnia.pulex.Europe.GBR
April_2017_DBunk_139,DBunk,2017,-2.09237,50.64259,OO,0,0,Daphnia pulex,0,Europe,Daphnia.pulex.Europe.GBR
April_2017_DBunk_142,DBunk,2017,-2.09237,50.64259,OO,0,0,Daphnia pulex,0,Europe,Daphnia.pulex.Europe.GBR
April_2017_DBunk_145,DBunk,2017,-2.09237,50.64259,K,0,0,Daphnia pulex,0,Europe,Daphnia.pulex.Europe.GBR
April_2017_DBunk_147,DBunk,2017,-2.09237,50.64259,E,0,0,Daphnia pulex,0,Europe,Daphnia.pulex.Europe.GBR
April_2017_DBunk_148,DBunk,2017,-2.09237,50.64259,E,0,0,Daphnia pulex,0,Europe,Daphnia.pulex.Europe.GBR
April_2017_DBunk_149,DBunk,2017,-2.09237,50.64259,L,0,0,Daphnia pulex,0,Europe,Daphnia.pulex.Europe.GBR
April_2017_DBunk_151,DBunk,2017,-2.09237,50.64259,L,0,0,Daphnia pulex,0,Europe,Daphnia.pulex.Europe.GBR
April_2017_DBunk_152,DBunk,2017,-2.09237,50.64259,OO,0,0,Daphnia pulex,0,Europe,Daphnia.pulex.Europe.GBR
April_2017_DBunk_153,DBunk,2017,-2.09237,50.64259,E,0,0,Daphnia pulex,0,Europe,Daphnia.pulex.Europe.GBR
April_2017_DBunk_154,DBunk,2017,-2.09237,50.64259,E,0,0,Daphnia pulex,0,Europe,Daphnia.pulex.Europe.GBR
April_2017_DBunk_160,DBunk,2017,-2.09237,50.64259,OO,0,0,Daphnia pulex,0,Europe,Daphnia.pulex.Europe.GBR
April_2017_DBunk_162,DBunk,2017,-2.09237,50.64259,F,0,0,Daphnia pulex,0,Europe,Daphnia.pulex.Europe.GBR
April_2017_DBunk_185,DBunk,2017,-2.09237,50.64259,OO,0,0,Daphnia pulex,0,Europe,Daphnia.pulex.Europe.GBR
April_2017_DBunk_19,DBunk,2017,-2.09237,50.64259,F,0,0,Daphnia pulex,0,Europe,Daphnia.pulex.Europe.GBR
April_2017_DBunk_203,DBunk,2017,-2.09237,50.64259,OO,0,0,Daphnia pulex,0,Europe,Daphnia.pulex.Europe.GBR
April_2017_DBunk_21,DBunk,2017,-2.09237,50.64259,Y,0,0,Daphnia pulex,0,Europe,Daphnia.pulex.Europe.GBR
April_2017_DBunk_213,DBunk,2017,-2.09237,50.64259,OO,0,0,Daphnia pulex,0,Europe,Daphnia.pulex.Europe.GBR
April_2017_DBunk_230,DBunk,2017,-2.09237,50.64259,F,0,0,Daphnia pulex,0,Europe,Daphnia.pulex.Europe.GBR
April_2017_DBunk_232,DBunk,2017,-2.09237,50.64259,OO,0,0,Daphnia pulex,0,Europe,Daphnia.pulex.Europe.GBR
April_2017_DBunk_233,DBunk,2017,-2.09237,50.64259,Y,0,0,Daphnia pulex,0,Europe,Daphnia.pulex.Europe.GBR
April_2017_DBunk_237,DBunk,2017,-2.09237,50.64259,F,0,0,Daphnia pulex,0,Europe,Daphnia.pulex.Europe.GBR
April_2017_DBunk_248,DBunk,2017,-2.09237,50.64259,AE,0,0,Daphnia pulex,0,Europe,Daphnia.pulex.Europe.GBR
April_2017_DBunk_253,DBunk,2017,-2.09237,50.64259,L,0,0,Daphnia pulex,0,Europe,Daphnia.pulex.Europe.GBR
April_2017_DBunk_254,DBunk,2017,-2.09237,50.64259,OO,0,0,Daphnia pulex,0,Europe,Daphnia.pulex.Europe.GBR
April_2017_DBunk_26,DBunk,2017,-2.09237,50.64259,A,0,0,Daphnia pulex,0,Europe,Daphnia.pulex.Europe.GBR
April_2017_DBunk_263,DBunk,2017,-2.09237,50.64259,F,0,0,Daphnia pulex,0,Europe,Daphnia.pulex.Europe.GBR
April_2017_DBunk_266,DBunk,2017,-2.09237,50.64259,M,0,0,Daphnia pulex,0,Europe,Daphnia.pulex.Europe.GBR
April_2017_DBunk_268,DBunk,2017,-2.09237,50.64259,AE,0,0,Daphnia pulex,0,Europe,Daphnia.pulex.Europe.GBR
April_2017_DBunk_27,DBunk,2017,-2.09237,50.64259,M,0,0,Daphnia pulex,0,Europe,Daphnia.pulex.Europe.GBR
April_2017_DBunk_28,DBunk,2017,-2.09237,50.64259,M,0,0,Daphnia pulex,0,Europe,Daphnia.pulex.Europe.GBR
April_2017_DBunk_297,DBunk,2017,-2.09237,50.64259,OO,0,0,Daphnia pulex,0,Europe,Daphnia.pulex.Europe.GBR
April_2017_DBunk_3,DBunk,2017,-2.09237,50.64259,OO,0,0,Daphnia pulex,0,Europe,Daphnia.pulex.Europe.GBR
April_2017_DBunk_302,DBunk,2017,-2.09237,50.64259,OO,0,0,Daphnia pulex,0,Europe,Daphnia.pulex.Europe.GBR
April_2017_DBunk_314,DBunk,2017,-2.09237,50.64259,L,0,0,Daphnia pulex,0,Europe,Daphnia.pulex.Europe.GBR
April_2017_DBunk_36,DBunk,2017,-2.09237,50.64259,OO,0,0,Daphnia pulex,0,Europe,Daphnia.pulex.Europe.GBR
April_2017_DBunk_38,DBunk,2017,-2.09237,50.64259,M,0,0,Daphnia pulex,0,Europe,Daphnia.pulex.Europe.GBR
April_2017_DBunk_45,DBunk,2017,-2.09237,50.64259,F,0,0,Daphnia pulex,0,Europe,Daphnia.pulex.Europe.GBR
April_2017_DBunk_5,DBunk,2017,-2.09237,50.64259,OO,0,0,Daphnia pulex,0,Europe,Daphnia.pulex.Europe.GBR
April_2017_DBunk_50,DBunk,2017,-2.09237,50.64259,K,0,0,Daphnia pulex,0,Europe,Daphnia.pulex.Europe.GBR
April_2017_DBunk_52,DBunk,2017,-2.09237,50.64259,K,0,0,Daphnia pulex,0,Europe,Daphnia.pulex.Europe.GBR
April_2017_DBunk_6,DBunk,2017,-2.09237,50.64259,L,0,0,Daphnia pulex,0,Europe,Daphnia.pulex.Europe.GBR
April_2017_DBunk_63,DBunk,2017,-2.09237,50.64259,OO,0,0,Daphnia pulex,0,Europe,Daphnia.pulex.Europe.GBR
April_2017_DBunk_65,DBunk,2017,-2.09237,50.64259,K,0,0,Daphnia pulex,0,Europe,Daphnia.pulex.Europe.GBR
April_2017_DBunk_7,DBunk,2017,-2.09237,50.64259,F,0,0,Daphnia pulex,0,Europe,Daphnia.pulex.Europe.GBR
April_2017_DBunk_71,DBunk,2017,-2.09237,50.64259,F,0,0,Daphnia pulex,0,Europe,Daphnia.pulex.Europe.GBR
April_2017_DBunk_76,DBunk,2017,-2.09237,50.64259,OO,0,0,Daphnia pulex,0,Europe,Daphnia.pulex.Europe.GBR
April_2017_DBunk_9,DBunk,2017,-2.09237,50.64259,OO,0,0,Daphnia pulex,0,Europe,Daphnia.pulex.Europe.GBR
April_2017_DBunk_90,DBunk,2017,-2.09237,50.64259,K,0,0,Daphnia pulex,0,Europe,Daphnia.pulex.Europe.GBR
April_2017_DBunk_91,DBunk,2017,-2.09237,50.64259,OO,0,0,Daphnia pulex,0,Europe,Daphnia.pulex.Europe.GBR
April_2017_DBunk_96,DBunk,2017,-2.09237,50.64259,K,0,0,Daphnia pulex,0,Europe,Daphnia.pulex.Europe.GBR
April_2017_DCat_10,DCat,2017,-2.09121,50.64245,poB,0,0,Daphnia pulex,0,Europe,Daphnia.pulex.Europe.GBR
April_2017_DCat_2,DCat,2017,-2.09121,50.64245,B,0,0,Daphnia pulex,0,Europe,Daphnia.pulex.Europe.GBR
April_2017_DCat_3,DCat,2017,-2.09121,50.64245,B,0,0,Daphnia pulex,0,Europe,Daphnia.pulex.Europe.GBR
April_2017_DCat_4,DCat,2017,-2.09121,50.64245,OO,0,0,Daphnia pulex,0,Europe,Daphnia.pulex.Europe.GBR
April_2017_DCat_5,DCat,2017,-2.09121,50.64245,roB,0,0,Daphnia pulex,0,Europe,Daphnia.pulex.Europe.GBR
April_2017_DLily_1,DLily,2017,-2.0912,50.64265,V,0,0,Daphnia pulex,0,Europe,Daphnia.pulex.Europe.GBR
April_2017_DMud_78,DMud,2017,-2.09272,50.64285,C,0,0,Daphnia pulex,0,Europe,Daphnia.pulex.Europe.GBR
April_2017_DOil_1,DOil,2017,-2.09183,50.64321,OO,0,0,Daphnia pulex,0,Europe,Daphnia.pulex.Europe.GBR
April_2017_DOil_2,DOil,2017,-2.09183,50.64321,OO,0,0,Daphnia pulex,0,Europe,Daphnia.pulex.Europe.GBR
April_2017_DOil_3,DOil,2017,-2.09183,50.64321,OO,0,0,Daphnia pulex,0,Europe,Daphnia.pulex.Europe.GBR
April_2017_DOil_5,DOil,2017,-2.09183,50.64321,OO,0,0,Daphnia pulex,0,Europe,Daphnia.pulex.Europe.GBR
April_2017_DOil_7,DOil,2017,-2.09183,50.64321,OO,0,0,Daphnia pulex,0,Europe,Daphnia.pulex.Europe.GBR
April_2017_Dramp_10,DRamp,2017,-2.09011,50.64312,V,NA,NA,Daphnia pulex,NA,Europe,Daphnia.pulex.Europe.GBR
April_2017_Dramp_14,DRamp,2017,-2.09011,50.64312,V,NA,NA,Daphnia pulex,NA,Europe,Daphnia.pulex.Europe.GBR
April_2017_Dramp_17,DRamp,2017,-2.09011,50.64312,OO,NA,NA,Daphnia pulex,NA,Europe,Daphnia.pulex.Europe.GBR
April_2017_Dramp_6,DRamp,2017,-2.09011,50.64312,V,NA,NA,Daphnia pulex,NA,Europe,Daphnia.pulex.Europe.GBR
April_2017_Dramp_9,DRamp,2017,-2.09011,50.64312,OO,NA,NA,Daphnia pulex,NA,Europe,Daphnia.pulex.Europe.GBR
December17_2018_D8_1,D8,2018,-2.091652,50.64256,OO,0,1,Daphnia pulex,0,Europe,Daphnia.pulex.Europe.GBR
Fall_2016_D10_41,D10,2016,-2.206421,50.709379,OO,0,0,Daphnia pulex,0,Europe,Daphnia.pulex.Europe.GBR
Fall_2016_D10_45,D10,2016,-2.206421,50.709379,AF,0,0,Daphnia pulex,0,Europe,Daphnia.pulex.Europe.GBR
Fall_2016_D10_46,D10,2016,-2.206421,50.709379,D,0,0,Daphnia pulex,0,Europe,Daphnia.pulex.Europe.GBR
Fall_2016_D10_49,D10,2016,-2.206421,50.709379,D,0,0,Daphnia pulex,0,Europe,Daphnia.pulex.Europe.GBR
Fall_2016_D10_50,D10,2016,-2.206421,50.709379,D,0,0,Daphnia pulex,0,Europe,Daphnia.pulex.Europe.GBR
Fall_2016_D10_57,D10,2016,-2.206421,50.709379,D,0,0,Daphnia pulex,0,Europe,Daphnia.pulex.Europe.GBR
Fall_2016_D10_62,D10,2016,-2.206421,50.709379,D,0,0,Daphnia pulex,0,Europe,Daphnia.pulex.Europe.GBR
Fall_2016_D10_63,D10,2016,-2.206421,50.709379,D,0,0,Daphnia pulex,0,Europe,Daphnia.pulex.Europe.GBR
Fall_2016_D10_67,D10,2016,-2.206421,50.709379,D,0,0,Daphnia pulex,0,Europe,Daphnia.pulex.Europe.GBR
Fall_2016_D10_70,D10,2016,-2.206421,50.709379,D,0,0,Daphnia pulex,0,Europe,Daphnia.pulex.Europe.GBR
Fall_2016_D10_74,D10,2016,-2.206421,50.709379,D,0,0,Daphnia pulex,0,Europe,Daphnia.pulex.Europe.GBR
Fall_2016_D10_76,D10,2016,-2.206421,50.709379,D,0,0,Daphnia pulex,0,Europe,Daphnia.pulex.Europe.GBR
Fall_2016_D10_79,D10,2016,-2.206421,50.709379,D,0,0,Daphnia pulex,0,Europe,Daphnia.pulex.Europe.GBR
Fall_2016_D10_81,D10,2016,-2.206421,50.709379,D,0,0,Daphnia pulex,0,Europe,Daphnia.pulex.Europe.GBR
Fall_2016_D10_84,D10,2016,-2.206421,50.709379,AF,0,0,Daphnia pulex,0,Europe,Daphnia.pulex.Europe.GBR
Fall_2016_D10_85,D10,2016,-2.206421,50.709379,D,0,0,Daphnia pulex,0,Europe,Daphnia.pulex.Europe.GBR
Fall_2016_D10_A12,D10,2016,-2.206421,50.709379,D,0,0,Daphnia pulex,0,Europe,Daphnia.pulex.Europe.GBR
Fall_2016_D10_A13,D10,2016,-2.206421,50.709379,D,0,0,Daphnia pulex,0,Europe,Daphnia.pulex.Europe.GBR
Fall_2016_D10_A14,D10,2016,-2.206421,50.709379,D,0,0,Daphnia pulex,0,Europe,Daphnia.pulex.Europe.GBR
Fall_2016_D10_A20,D10,2016,-2.206421,50.709379,D,0,0,Daphnia pulex,0,Europe,Daphnia.pulex.Europe.GBR
Fall_2016_D10_A21,D10,2016,-2.206421,50.709379,D,0,0,Daphnia pulex,0,Europe,Daphnia.pulex.Europe.GBR
Fall_2016_D10_A4,D10,2016,-2.206421,50.709379,D,0,0,Daphnia pulex,0,Europe,Daphnia.pulex.Europe.GBR
Fall_2016_D10_A6,D10,2016,-2.206421,50.709379,D,0,0,Daphnia pulex,0,Europe,Daphnia.pulex.Europe.GBR
Fall_2016_D10_A7,D10,2016,-2.206421,50.709379,D,0,0,Daphnia pulex,0,Europe,Daphnia.pulex.Europe.GBR
Fall_2016_D10_A9,D10,2016,-2.206421,50.709379,D,0,0,Daphnia pulex,0,Europe,Daphnia.pulex.Europe.GBR
Lab_2019_D8_222Male,D8,2017,-2.091652,50.64256,C,1,0,Daphnia pulex,0,Europe,Daphnia.pulex.Europe.GBR
Lab_2019_D8_349Male,D8,2017,-2.091652,50.64256,A,1,0,Daphnia pulex,0,Europe,Daphnia.pulex.Europe.GBR
March15_2019_D8_MomPE1,D8,2019,-2.091652,50.64256,OO,0,1,Daphnia pulex,0,Europe,Daphnia.pulex.Europe.GBR
March15_2019_D8_MomPE10,D8,2019,-2.091652,50.64256,OO,0,1,Daphnia pulex,0,Europe,Daphnia.pulex.Europe.GBR
March15_2019_D8_MomPE11,D8,2019,-2.091652,50.64256,OO,0,1,Daphnia pulex,0,Europe,Daphnia.pulex.Europe.GBR
March15_2019_D8_MomPE12,D8,2019,-2.091652,50.64256,AG,0,1,Daphnia pulex,0,Europe,Daphnia.pulex.Europe.GBR
March15_2019_D8_MomPE13,D8,2019,-2.091652,50.64256,AG,0,1,Daphnia pulex,0,Europe,Daphnia.pulex.Europe.GBR
March15_2019_D8_MomPE14,D8,2019,-2.091652,50.64256,OO,0,1,Daphnia pulex,0,Europe,Daphnia.pulex.Europe.GBR
March15_2019_D8_MomPE15,D8,2019,-2.091652,50.64256,AH,0,1,Daphnia pulex,0,Europe,Daphnia.pulex.Europe.GBR
March15_2019_D8_MomPE16,D8,2019,-2.091652,50.64256,OO,0,1,Daphnia pulex,0,Europe,Daphnia.pulex.Europe.GBR
March15_2019_D8_MomPE17,D8,2019,-2.091652,50.64256,OO,0,1,Daphnia pulex,0,Europe,Daphnia.pulex.Europe.GBR
March15_2019_D8_MomPE19,D8,2019,-2.091652,50.64256,OO,0,1,Daphnia pulex,0,Europe,Daphnia.pulex.Europe.GBR
March15_2019_D8_MomPE2,D8,2019,-2.091652,50.64256,OO,0,1,Daphnia pulex,0,Europe,Daphnia.pulex.Europe.GBR
March15_2019_D8_MomPE20,D8,2019,-2.091652,50.64256,OO,0,1,Daphnia pulex,0,Europe,Daphnia.pulex.Europe.GBR
March15_2019_D8_MomPE21,D8,2019,-2.091652,50.64256,OO,0,1,Daphnia pulex,0,Europe,Daphnia.pulex.Europe.GBR
March15_2019_D8_MomPE3,D8,2019,-2.091652,50.64256,OO,0,1,Daphnia pulex,1,Europe,Daphnia.pulex.Europe.GBR
March15_2019_D8_MomPE4,D8,2019,-2.091652,50.64256,OO,0,1,Daphnia pulex,0,Europe,Daphnia.pulex.Europe.GBR
March15_2019_D8_MomPE5,D8,2019,-2.091652,50.64256,OO,0,1,Daphnia pulex,1,Europe,Daphnia.pulex.Europe.GBR
March15_2019_D8_MomPE6,D8,2019,-2.091652,50.64256,OO,0,1,Daphnia pulex,0,Europe,Daphnia.pulex.Europe.GBR
March15_2019_D8_MomPE7,D8,2019,-2.091652,50.64256,OO,0,1,Daphnia pulex,0,Europe,Daphnia.pulex.Europe.GBR
March15_2019_D8_MomPE8,D8,2019,-2.091652,50.64256,OO,0,1,Daphnia pulex,0,Europe,Daphnia.pulex.Europe.GBR
March15_2019_D8_MomPE9,D8,2019,-2.091652,50.64256,OO,0,1,Daphnia pulex,0,Europe,Daphnia.pulex.Europe.GBR
March15_2019_DBunk_MomPE10,DBunk,2019,-2.09237,50.64259,AI,0,1,Daphnia pulex,0,Europe,Daphnia.pulex.Europe.GBR
March15_2019_DBunk_MomPE11,DBunk,2019,-2.09237,50.64259,OO,0,1,Daphnia pulex,0,Europe,Daphnia.pulex.Europe.GBR
March15_2019_DBunk_MomPE12,DBunk,2019,-2.09237,50.64259,AJ,0,1,Daphnia pulex,0,Europe,Daphnia.pulex.Europe.GBR
March15_2019_DBunk_MomPE13,DBunk,2019,-2.09237,50.64259,Z,0,1,Daphnia pulex,0,Europe,Daphnia.pulex.Europe.GBR
March15_2019_DBunk_MomPE14,DBunk,2019,-2.09237,50.64259,OO,0,1,Daphnia pulex,0,Europe,Daphnia.pulex.Europe.GBR
March15_2019_DBunk_MomPE15,DBunk,2019,-2.09237,50.64259,AA,0,1,Daphnia pulex,0,Europe,Daphnia.pulex.Europe.GBR
March15_2019_DBunk_MomPE16,DBunk,2019,-2.09237,50.64259,OO,0,1,Daphnia pulex,0,Europe,Daphnia.pulex.Europe.GBR
March15_2019_DBunk_MomPE17,DBunk,2019,-2.09237,50.64259,Z,0,1,Daphnia pulex,0,Europe,Daphnia.pulex.Europe.GBR
March15_2019_DBunk_MomPE18,DBunk,2019,-2.09237,50.64259,OO,0,1,Daphnia pulex,0,Europe,Daphnia.pulex.Europe.GBR
March15_2019_DBunk_MomPE19,DBunk,2019,-2.09237,50.64259,AA,0,1,Daphnia pulex,0,Europe,Daphnia.pulex.Europe.GBR
March15_2019_DBunk_MomPE2,DBunk,2019,-2.09237,50.64259,AJ,0,1,Daphnia pulex,0,Europe,Daphnia.pulex.Europe.GBR
March15_2019_DBunk_MomPE3,DBunk,2019,-2.09237,50.64259,AI,0,1,Daphnia pulex,0,Europe,Daphnia.pulex.Europe.GBR
March15_2019_DBunk_MomPE4,DBunk,2019,-2.09237,50.64259,OO,0,1,Daphnia pulex,0,Europe,Daphnia.pulex.Europe.GBR
March15_2019_DBunk_MomPE5,DBunk,2019,-2.09237,50.64259,AA,0,1,Daphnia pulex,0,Europe,Daphnia.pulex.Europe.GBR
March15_2019_DBunk_MomPE6,DBunk,2019,-2.09237,50.64259,OO,0,1,Daphnia pulex,0,Europe,Daphnia.pulex.Europe.GBR
March15_2019_DBunk_MomPE7,DBunk,2019,-2.09237,50.64259,OO,0,1,Daphnia pulex,0,Europe,Daphnia.pulex.Europe.GBR
March15_2019_DBunk_MomPE8,DBunk,2019,-2.09237,50.64259,OO,0,1,Daphnia pulex,0,Europe,Daphnia.pulex.Europe.GBR
March15_2019_DBunk_MomPE9,DBunk,2019,-2.09237,50.64259,Z,0,1,Daphnia pulex,0,Europe,Daphnia.pulex.Europe.GBR
March15_2019_DCat_MomPE1,DCat,2019,-2.09121,50.64245,B,0,1,Daphnia pulex,0,Europe,Daphnia.pulex.Europe.GBR
March15_2019_DCat_MomPE10,DCat,2019,-2.09121,50.64245,B,0,1,Daphnia pulex,0,Europe,Daphnia.pulex.Europe.GBR
March15_2019_DCat_MomPE11,DCat,2019,-2.09121,50.64245,B,0,1,Daphnia pulex,0,Europe,Daphnia.pulex.Europe.GBR
March15_2019_DCat_MomPE12,DCat,2019,-2.09121,50.64245,B,0,1,Daphnia pulex,0,Europe,Daphnia.pulex.Europe.GBR
March15_2019_DCat_MomPE13,DCat,2019,-2.09121,50.64245,B,0,1,Daphnia pulex,0,Europe,Daphnia.pulex.Europe.GBR
March15_2019_DCat_MomPE14,DCat,2019,-2.09121,50.64245,B,0,1,Daphnia pulex,0,Europe,Daphnia.pulex.Europe.GBR
March15_2019_DCat_MomPE15,DCat,2019,-2.09121,50.64245,B,0,1,Daphnia pulex,0,Europe,Daphnia.pulex.Europe.GBR
March15_2019_DCat_MomPE16,DCat,2019,-2.09121,50.64245,B,0,1,Daphnia pulex,0,Europe,Daphnia.pulex.Europe.GBR
March15_2019_DCat_MomPE17,DCat,2019,-2.09121,50.64245,B,0,1,Daphnia pulex,0,Europe,Daphnia.pulex.Europe.GBR
March15_2019_DCat_MomPE18,DCat,2019,-2.09121,50.64245,B,0,1,Daphnia pulex,0,Europe,Daphnia.pulex.Europe.GBR
March15_2019_DCat_MomPE19,DCat,2019,-2.09121,50.64245,B,0,1,Daphnia pulex,0,Europe,Daphnia.pulex.Europe.GBR
March15_2019_DCat_MomPE2,DCat,2019,-2.09121,50.64245,B,0,1,Daphnia pulex,0,Europe,Daphnia.pulex.Europe.GBR
March15_2019_DCat_MomPE20,DCat,2019,-2.09121,50.64245,B,0,1,Daphnia pulex,0,Europe,Daphnia.pulex.Europe.GBR
March15_2019_DCat_MomPE3,DCat,2019,-2.09121,50.64245,B,0,1,Daphnia pulex,0,Europe,Daphnia.pulex.Europe.GBR
March15_2019_DCat_MomPE4,DCat,2019,-2.09121,50.64245,B,0,1,Daphnia pulex,0,Europe,Daphnia.pulex.Europe.GBR
March15_2019_DCat_MomPE5,DCat,2019,-2.09121,50.64245,B,0,1,Daphnia pulex,0,Europe,Daphnia.pulex.Europe.GBR
March15_2019_DCat_MomPE6,DCat,2019,-2.09121,50.64245,B,0,1,Daphnia pulex,0,Europe,Daphnia.pulex.Europe.GBR
March15_2019_DCat_MomPE7,DCat,2019,-2.09121,50.64245,B,0,1,Daphnia pulex,0,Europe,Daphnia.pulex.Europe.GBR
March15_2019_DCat_MomPE8,DCat,2019,-2.09121,50.64245,B,0,1,Daphnia pulex,0,Europe,Daphnia.pulex.Europe.GBR
March15_2019_DCat_MomPE9,DCat,2019,-2.09121,50.64245,B,0,1,Daphnia pulex,0,Europe,Daphnia.pulex.Europe.GBR
March20_2018_D8_1,D8,2018,-2.091652,50.64256,A,0,1,Daphnia pulex,0,Europe,Daphnia.pulex.Europe.GBR
March20_2018_D8_10,D8,2018,-2.091652,50.64256,A,0,1,Daphnia pulex,0,Europe,Daphnia.pulex.Europe.GBR
March20_2018_D8_11,D8,2018,-2.091652,50.64256,OO,0,1,Daphnia pulex,1,Europe,Daphnia.pulex.Europe.GBR
March20_2018_D8_12,D8,2018,-2.091652,50.64256,T,0,1,Daphnia pulex,1,Europe,Daphnia.pulex.Europe.GBR
March20_2018_D8_13,D8,2018,-2.091652,50.64256,OO,0,1,Daphnia pulex,1,Europe,Daphnia.pulex.Europe.GBR
March20_2018_D8_14,D8,2018,-2.091652,50.64256,S,0,1,Daphnia pulex,1,Europe,Daphnia.pulex.Europe.GBR
March20_2018_D8_15,D8,2018,-2.091652,50.64256,OO,0,1,Daphnia pulex,1,Europe,Daphnia.pulex.Europe.GBR
March20_2018_D8_16,D8,2018,-2.091652,50.64256,AK,0,1,Daphnia pulex,0,Europe,Daphnia.pulex.Europe.GBR
March20_2018_D8_17,D8,2018,-2.091652,50.64256,U,0,1,Daphnia pulex,1,Europe,Daphnia.pulex.Europe.GBR
March20_2018_D8_18,D8,2018,-2.091652,50.64256,AC,0,1,Daphnia pulex,0,Europe,Daphnia.pulex.Europe.GBR
March20_2018_D8_2,D8,2018,-2.091652,50.64256,Q,0,1,Daphnia pulex,1,Europe,Daphnia.pulex.Europe.GBR
March20_2018_D8_20,D8,2018,-2.091652,50.64256,A,0,1,Daphnia pulex,0,Europe,Daphnia.pulex.Europe.GBR
March20_2018_D8_21,D8,2018,-2.091652,50.64256,OO,0,1,Daphnia pulex,1,Europe,Daphnia.pulex.Europe.GBR
March20_2018_D8_22,D8,2018,-2.091652,50.64256,T,0,1,Daphnia pulex,1,Europe,Daphnia.pulex.Europe.GBR
March20_2018_D8_23,D8,2018,-2.091652,50.64256,AL,0,1,Daphnia pulex,1,Europe,Daphnia.pulex.Europe.GBR
March20_2018_D8_24,D8,2018,-2.091652,50.64256,A,0,1,Daphnia pulex,0,Europe,Daphnia.pulex.Europe.GBR
March20_2018_D8_25,D8,2018,-2.091652,50.64256,OO,0,1,Daphnia pulex,1,Europe,Daphnia.pulex.Europe.GBR
March20_2018_D8_26,D8,2018,-2.091652,50.64256,AR,0,1,Daphnia pulex,0,Europe,Daphnia.pulex.Europe.GBR
March20_2018_D8_27,D8,2018,-2.091652,50.64256,O,0,1,Daphnia pulex,1,Europe,Daphnia.pulex.Europe.GBR
March20_2018_D8_28,D8,2018,-2.091652,50.64256,Q,0,1,Daphnia pulex,1,Europe,Daphnia.pulex.Europe.GBR
March20_2018_D8_29,D8,2018,-2.091652,50.64256,S,0,1,Daphnia pulex,1,Europe,Daphnia.pulex.Europe.GBR
March20_2018_D8_3,D8,2018,-2.091652,50.64256,AL,0,1,Daphnia pulex,1,Europe,Daphnia.pulex.Europe.GBR
March20_2018_D8_30,D8,2018,-2.091652,50.64256,X,0,1,Daphnia pulex,1,Europe,Daphnia.pulex.Europe.GBR
March20_2018_D8_31,D8,2018,-2.091652,50.64256,T,0,1,Daphnia pulex,1,Europe,Daphnia.pulex.Europe.GBR
March20_2018_D8_32,D8,2018,-2.091652,50.64256,A,0,1,Daphnia pulex,0,Europe,Daphnia.pulex.Europe.GBR
March20_2018_D8_33,D8,2018,-2.091652,50.64256,AK,0,1,Daphnia pulex,0,Europe,Daphnia.pulex.Europe.GBR
March20_2018_D8_34,D8,2018,-2.091652,50.64256,O,0,1,Daphnia pulex,1,Europe,Daphnia.pulex.Europe.GBR
March20_2018_D8_35,D8,2018,-2.091652,50.64256,S,0,1,Daphnia pulex,1,Europe,Daphnia.pulex.Europe.GBR
March20_2018_D8_36,D8,2018,-2.091652,50.64256,X,0,1,Daphnia pulex,1,Europe,Daphnia.pulex.Europe.GBR
March20_2018_D8_37,D8,2018,-2.091652,50.64256,OO,0,1,Daphnia pulex,0,Europe,Daphnia.pulex.Europe.GBR
March20_2018_D8_38,D8,2018,-2.091652,50.64256,AM,0,1,Daphnia pulex,1,Europe,Daphnia.pulex.Europe.GBR
March20_2018_D8_39,D8,2018,-2.091652,50.64256,OO,0,1,Daphnia pulex,1,Europe,Daphnia.pulex.Europe.GBR
March20_2018_D8_4,D8,2018,-2.091652,50.64256,Q,0,1,Daphnia pulex,1,Europe,Daphnia.pulex.Europe.GBR
March20_2018_D8_40,D8,2018,-2.091652,50.64256,OO,0,1,Daphnia pulex,0,Europe,Daphnia.pulex.Europe.GBR
March20_2018_D8_41,D8,2018,-2.091652,50.64256,OO,0,1,Daphnia pulex,1,Europe,Daphnia.pulex.Europe.GBR
March20_2018_D8_43,D8,2018,-2.091652,50.64256,A,0,1,Daphnia pulex,0,Europe,Daphnia.pulex.Europe.GBR
March20_2018_D8_44,D8,2018,-2.091652,50.64256,O,0,1,Daphnia pulex,1,Europe,Daphnia.pulex.Europe.GBR
March20_2018_D8_45,D8,2018,-2.091652,50.64256,OO,0,1,Daphnia pulex,1,Europe,Daphnia.pulex.Europe.GBR
March20_2018_D8_46,D8,2018,-2.091652,50.64256,J,0,1,Daphnia pulex,0,Europe,Daphnia.pulex.Europe.GBR
March20_2018_D8_5,D8,2018,-2.091652,50.64256,OO,0,1,Daphnia pulex,1,Europe,Daphnia.pulex.Europe.GBR
March20_2018_D8_6,D8,2018,-2.091652,50.64256,A,0,1,Daphnia pulex,0,Europe,Daphnia.pulex.Europe.GBR
March20_2018_D8_7,D8,2018,-2.091652,50.64256,S,0,1,Daphnia pulex,1,Europe,Daphnia.pulex.Europe.GBR
March20_2018_D8_8,D8,2018,-2.091652,50.64256,AM,0,1,Daphnia pulex,1,Europe,Daphnia.pulex.Europe.GBR
March20_2018_D8_9,D8,2018,-2.091652,50.64256,S,0,1,Daphnia pulex,1,Europe,Daphnia.pulex.Europe.GBR
March20_2018_D8_Male1,D8,2018,-2.091652,50.64256,O,0,1,Daphnia pulex,1,Europe,Daphnia.pulex.Europe.GBR
March20_2018_D8_Male3,D8,2018,-2.091652,50.64256,O,0,1,Daphnia pulex,1,Europe,Daphnia.pulex.Europe.GBR
March20_2018_DBunk_1,DBunk,2018,-2.09237,50.64259,J,0,1,Daphnia pulex,0,Europe,Daphnia.pulex.Europe.GBR
March20_2018_DBunk_11,DBunk,2018,-2.09237,50.64259,I,0,1,Daphnia pulex,0,Europe,Daphnia.pulex.Europe.GBR
March20_2018_DBunk_12,DBunk,2018,-2.09237,50.64259,J,0,1,Daphnia pulex,0,Europe,Daphnia.pulex.Europe.GBR
March20_2018_DBunk_13,DBunk,2018,-2.09237,50.64259,J,0,1,Daphnia pulex,0,Europe,Daphnia.pulex.Europe.GBR
March20_2018_DBunk_14,DBunk,2018,-2.09237,50.64259,I,0,1,Daphnia pulex,0,Europe,Daphnia.pulex.Europe.GBR
March20_2018_DBunk_15,DBunk,2018,-2.09237,50.64259,J,0,1,Daphnia pulex,0,Europe,Daphnia.pulex.Europe.GBR
March20_2018_DBunk_16,DBunk,2018,-2.09237,50.64259,I,0,1,Daphnia pulex,0,Europe,Daphnia.pulex.Europe.GBR
March20_2018_DBunk_17,DBunk,2018,-2.09237,50.64259,J,0,1,Daphnia pulex,0,Europe,Daphnia.pulex.Europe.GBR
March20_2018_DBunk_19,DBunk,2018,-2.09237,50.64259,I,0,1,Daphnia pulex,0,Europe,Daphnia.pulex.Europe.GBR
March20_2018_DBunk_2,DBunk,2018,-2.09237,50.64259,N,0,1,Daphnia pulex,0,Europe,Daphnia.pulex.Europe.GBR
March20_2018_DBunk_20,DBunk,2018,-2.09237,50.64259,J,0,1,Daphnia pulex,0,Europe,Daphnia.pulex.Europe.GBR
March20_2018_DBunk_24,DBunk,2018,-2.09237,50.64259,AN,0,1,Daphnia pulex,0,Europe,Daphnia.pulex.Europe.GBR
March20_2018_DBunk_25,DBunk,2018,-2.09237,50.64259,AN,0,1,Daphnia pulex,0,Europe,Daphnia.pulex.Europe.GBR
March20_2018_DBunk_27,DBunk,2018,-2.09237,50.64259,OO,0,1,Daphnia pulex,0,Europe,Daphnia.pulex.Europe.GBR
March20_2018_DBunk_28,DBunk,2018,-2.09237,50.64259,J,0,1,Daphnia pulex,0,Europe,Daphnia.pulex.Europe.GBR
March20_2018_DBunk_29,DBunk,2018,-2.09237,50.64259,I,0,1,Daphnia pulex,0,Europe,Daphnia.pulex.Europe.GBR
March20_2018_DBunk_3,DBunk,2018,-2.09237,50.64259,OO,0,1,Daphnia pulex,0,Europe,Daphnia.pulex.Europe.GBR
March20_2018_DBunk_30,DBunk,2018,-2.09237,50.64259,J,0,1,Daphnia pulex,0,Europe,Daphnia.pulex.Europe.GBR
March20_2018_DBunk_31,DBunk,2018,-2.09237,50.64259,N,0,1,Daphnia pulex,0,Europe,Daphnia.pulex.Europe.GBR
March20_2018_DBunk_32,DBunk,2018,-2.09237,50.64259,I,0,1,Daphnia pulex,0,Europe,Daphnia.pulex.Europe.GBR
March20_2018_DBunk_33,DBunk,2018,-2.09237,50.64259,I,0,1,Daphnia pulex,0,Europe,Daphnia.pulex.Europe.GBR
March20_2018_DBunk_34,DBunk,2018,-2.09237,50.64259,N,0,1,Daphnia pulex,0,Europe,Daphnia.pulex.Europe.GBR
March20_2018_DBunk_35,DBunk,2018,-2.09237,50.64259,OO,0,1,Daphnia pulex,0,Europe,Daphnia.pulex.Europe.GBR
March20_2018_DBunk_36,DBunk,2018,-2.09237,50.64259,I,0,1,Daphnia pulex,0,Europe,Daphnia.pulex.Europe.GBR
March20_2018_DBunk_4,DBunk,2018,-2.09237,50.64259,I,0,1,Daphnia pulex,0,Europe,Daphnia.pulex.Europe.GBR
March20_2018_DBunk_5,DBunk,2018,-2.09237,50.64259,J,0,1,Daphnia pulex,0,Europe,Daphnia.pulex.Europe.GBR
March20_2018_DBunk_6,DBunk,2018,-2.09237,50.64259,OO,0,1,Daphnia pulex,0,Europe,Daphnia.pulex.Europe.GBR
March20_2018_DBunk_7,DBunk,2018,-2.09237,50.64259,I,0,1,Daphnia pulex,0,Europe,Daphnia.pulex.Europe.GBR
March20_2018_DBunk_8,DBunk,2018,-2.09237,50.64259,N,0,1,Daphnia pulex,0,Europe,Daphnia.pulex.Europe.GBR
March20_2018_DBunk_9,DBunk,2018,-2.09237,50.64259,J,0,1,Daphnia pulex,0,Europe,Daphnia.pulex.Europe.GBR
March20_2018_Dcat_1,Dcat,2018,-2.09121,50.64245,B,0,1,Daphnia pulex,0,Europe,Daphnia.pulex.Europe.GBR
March20_2018_Dcat_2,Dcat,2018,-2.09121,50.64245,B,0,1,Daphnia pulex,0,Europe,Daphnia.pulex.Europe.GBR
March_2018_D8_18030,D8,2018,-2.091652,50.64256,OO,1,0,Daphnia pulex,1,Europe,Daphnia.pulex.Europe.GBR
March_2018_DCat_18004,DCat,2018,-2.09121,50.64245,OO,1,0,Daphnia pulex,0,Europe,Daphnia.pulex.Europe.GBR
May_2017_D8_503,D8,2017,-2.091652,50.64256,C,0,0,Daphnia pulex,0,Europe,Daphnia.pulex.Europe.GBR
May_2017_D8_515,D8,2017,-2.091652,50.64256,C,0,0,Daphnia pulex,0,Europe,Daphnia.pulex.Europe.GBR
May_2017_D8_520,D8,2017,-2.091652,50.64256,A,0,0,Daphnia pulex,0,Europe,Daphnia.pulex.Europe.GBR
May_2017_D8_521,D8,2017,-2.091652,50.64256,A,0,0,Daphnia pulex,0,Europe,Daphnia.pulex.Europe.GBR
May_2017_D8_532,D8,2017,-2.091652,50.64256,A,0,0,Daphnia pulex,0,Europe,Daphnia.pulex.Europe.GBR
May_2017_D8_538,D8,2017,-2.091652,50.64256,OO,0,0,Daphnia pulex,0,Europe,Daphnia.pulex.Europe.GBR
May_2017_D8_539,D8,2017,-2.091652,50.64256,A,0,0,Daphnia pulex,0,Europe,Daphnia.pulex.Europe.GBR
May_2017_D8_542,D8,2017,-2.091652,50.64256,A,0,0,Daphnia pulex,0,Europe,Daphnia.pulex.Europe.GBR
May_2017_D8_544,D8,2017,-2.091652,50.64256,OO,0,0,Daphnia pulex,0,Europe,Daphnia.pulex.Europe.GBR
May_2017_D8_548,D8,2017,-2.091652,50.64256,R,0,0,Daphnia pulex,0,Europe,Daphnia.pulex.Europe.GBR
May_2017_D8_612,D8,2017,-2.091652,50.64256,A,0,0,Daphnia pulex,0,Europe,Daphnia.pulex.Europe.GBR
May_2017_D8_632,D8,2017,-2.091652,50.64256,C,0,0,Daphnia pulex,0,Europe,Daphnia.pulex.Europe.GBR
May_2017_D8_634,D8,2017,-2.091652,50.64256,A,0,0,Daphnia pulex,0,Europe,Daphnia.pulex.Europe.GBR
May_2017_D8_663,D8,2017,-2.091652,50.64256,A,0,0,Daphnia pulex,0,Europe,Daphnia.pulex.Europe.GBR
May_2017_D8_668,D8,2017,-2.091652,50.64256,A,0,0,Daphnia pulex,0,Europe,Daphnia.pulex.Europe.GBR
May_2017_D8_673,D8,2017,-2.091652,50.64256,A,0,0,Daphnia pulex,0,Europe,Daphnia.pulex.Europe.GBR
May_2017_D8_726,D8,2017,-2.091652,50.64256,A,0,0,Daphnia pulex,0,Europe,Daphnia.pulex.Europe.GBR
May_2017_D8_731,D8,2017,-2.091652,50.64256,OO,0,0,Daphnia pulex,0,Europe,Daphnia.pulex.Europe.GBR
May_2017_D8_731SM,D8,2017,-2.091652,50.64256,OO,1,0,Daphnia pulex,0,Europe,Daphnia.pulex.Europe.GBR
May_2017_D8_735,D8,2017,-2.091652,50.64256,R,0,0,Daphnia pulex,0,Europe,Daphnia.pulex.Europe.GBR
May_2017_D8_752,D8,2017,-2.091652,50.64256,C,0,0,Daphnia pulex,0,Europe,Daphnia.pulex.Europe.GBR
May_2017_D8_756,D8,2017,-2.091652,50.64256,A,0,0,Daphnia pulex,0,Europe,Daphnia.pulex.Europe.GBR
May_2017_D8_758,D8,2017,-2.091652,50.64256,C,0,0,Daphnia pulex,0,Europe,Daphnia.pulex.Europe.GBR
May_2017_D8_770,D8,2017,-2.091652,50.64256,A,0,0,Daphnia pulex,0,Europe,Daphnia.pulex.Europe.GBR
May_2017_D8_770SM,D8,2017,-2.091652,50.64256,A,1,0,Daphnia pulex,0,Europe,Daphnia.pulex.Europe.GBR
May_2017_D8_771,D8,2017,-2.091652,50.64256,A,0,0,Daphnia pulex,0,Europe,Daphnia.pulex.Europe.GBR
May_2017_D8_773,D8,2017,-2.091652,50.64256,C,0,0,Daphnia pulex,0,Europe,Daphnia.pulex.Europe.GBR
May_2017_D8_773SM,D8,2017,-2.091652,50.64256,C,1,0,Daphnia pulex,0,Europe,Daphnia.pulex.Europe.GBR
May_2017_D8_776,D8,2017,-2.091652,50.64256,A,0,0,Daphnia pulex,0,Europe,Daphnia.pulex.Europe.GBR
May_2017_D8_780,D8,2017,-2.091652,50.64256,C,0,0,Daphnia pulex,0,Europe,Daphnia.pulex.Europe.GBR
May_2017_DBunk_509,DBunk,2017,-2.09237,50.64259,OO,0,0,Daphnia pulex,0,Europe,Daphnia.pulex.Europe.GBR
May_2017_DBunk_514,DBunk,2017,-2.09237,50.64259,OO,0,0,Daphnia pulex,0,Europe,Daphnia.pulex.Europe.GBR
May_2017_DBunk_515,DBunk,2017,-2.09237,50.64259,AD,0,0,Daphnia pulex,0,Europe,Daphnia.pulex.Europe.GBR
May_2017_DBunk_519,DBunk,2017,-2.09237,50.64259,E,0,0,Daphnia pulex,0,Europe,Daphnia.pulex.Europe.GBR
May_2017_DBunk_520,DBunk,2017,-2.09237,50.64259,K,0,0,Daphnia pulex,0,Europe,Daphnia.pulex.Europe.GBR
May_2017_DBunk_523,DBunk,2017,-2.09237,50.64259,OO,0,0,Daphnia pulex,0,Europe,Daphnia.pulex.Europe.GBR
May_2017_DBunk_525,DBunk,2017,-2.09237,50.64259,OO,0,0,Daphnia pulex,0,Europe,Daphnia.pulex.Europe.GBR
May_2017_DBunk_535,DBunk,2017,-2.09237,50.64259,E,0,0,Daphnia pulex,0,Europe,Daphnia.pulex.Europe.GBR
May_2017_DBunk_536,DBunk,2017,-2.09237,50.64259,F,0,0,Daphnia pulex,0,Europe,Daphnia.pulex.Europe.GBR
May_2017_DBunk_540,DBunk,2017,-2.09237,50.64259,E,0,0,Daphnia pulex,0,Europe,Daphnia.pulex.Europe.GBR
May_2017_DBunk_547,DBunk,2017,-2.09237,50.64259,OO,0,0,Daphnia pulex,0,Europe,Daphnia.pulex.Europe.GBR
May_2017_DBunk_550,DBunk,2017,-2.09237,50.64259,F,0,0,Daphnia pulex,0,Europe,Daphnia.pulex.Europe.GBR
May_2017_DBunk_554,DBunk,2017,-2.09237,50.64259,OO,0,0,Daphnia pulex,0,Europe,Daphnia.pulex.Europe.GBR
May_2017_DBunk_557,DBunk,2017,-2.09237,50.64259,AO,0,0,Daphnia pulex,0,Europe,Daphnia.pulex.Europe.GBR
May_2017_DBunk_558,DBunk,2017,-2.09237,50.64259,OO,0,0,Daphnia pulex,0,Europe,Daphnia.pulex.Europe.GBR
May_2017_DBunk_561,DBunk,2017,-2.09237,50.64259,K,0,0,Daphnia pulex,0,Europe,Daphnia.pulex.Europe.GBR
May_2017_DBunk_567,DBunk,2017,-2.09237,50.64259,K,0,0,Daphnia pulex,0,Europe,Daphnia.pulex.Europe.GBR
May_2017_DBunk_569,DBunk,2017,-2.09237,50.64259,F,0,0,Daphnia pulex,0,Europe,Daphnia.pulex.Europe.GBR
May_2017_DBunk_575,DBunk,2017,-2.09237,50.64259,E,0,0,Daphnia pulex,0,Europe,Daphnia.pulex.Europe.GBR
May_2017_DBunk_579,DBunk,2017,-2.09237,50.64259,OO,0,0,Daphnia pulex,0,Europe,Daphnia.pulex.Europe.GBR
May_2017_DBunk_585,DBunk,2017,-2.09237,50.64259,E,0,0,Daphnia pulex,0,Europe,Daphnia.pulex.Europe.GBR
May_2017_DBunk_589,DBunk,2017,-2.09237,50.64259,OO,0,0,Daphnia pulex,0,Europe,Daphnia.pulex.Europe.GBR
May_2017_DBunk_590,DBunk,2017,-2.09237,50.64259,OO,0,0,Daphnia pulex,0,Europe,Daphnia.pulex.Europe.GBR
May_2017_DBunk_591,DBunk,2017,-2.09237,50.64259,OO,0,0,Daphnia pulex,0,Europe,Daphnia.pulex.Europe.GBR
May_2017_DBunk_594,DBunk,2017,-2.09237,50.64259,A,0,0,Daphnia pulex,0,Europe,Daphnia.pulex.Europe.GBR
Spring_2016_D10_10.1,D10,2016,-2.206421,50.709379,D,0,0,Daphnia pulex,0,Europe,Daphnia.pulex.Europe.GBR
Spring_2016_D10_10.3,D10,2016,-2.206421,50.709379,D,0,0,Daphnia pulex,0,Europe,Daphnia.pulex.Europe.GBR
Spring_2016_D10_10.4,D10,2016,-2.206421,50.709379,D,0,0,Daphnia pulex,0,Europe,Daphnia.pulex.Europe.GBR
Spring_2016_D10_10.5,D10,2016,-2.206421,50.709379,D,0,0,Daphnia pulex,0,Europe,Daphnia.pulex.Europe.GBR
Spring_2016_D10_10.6,D10,2016,-2.206421,50.709379,D,0,0,Daphnia pulex,0,Europe,Daphnia.pulex.Europe.GBR
Spring_2016_D8_8.1,D8,2016,-2.091652,50.64256,H,1,0,Daphnia pulex,0,Europe,Daphnia.pulex.Europe.GBR
Spring_2016_D8_8.10,D8,2016,-2.091652,50.64256,H,0,0,Daphnia pulex,0,Europe,Daphnia.pulex.Europe.GBR
Spring_2016_D8_8.12,D8,2016,-2.091652,50.64256,H,0,0,Daphnia pulex,0,Europe,Daphnia.pulex.Europe.GBR
Spring_2016_D8_8.14,D8,2016,-2.091652,50.64256,H,0,0,Daphnia pulex,0,Europe,Daphnia.pulex.Europe.GBR
Spring_2016_D8_8.16,D8,2016,-2.091652,50.64256,W,0,0,Daphnia pulex,0,Europe,Daphnia.pulex.Europe.GBR
Spring_2016_D8_8.17,D8,2016,-2.091652,50.64256,C,0,0,Daphnia pulex,0,Europe,Daphnia.pulex.Europe.GBR
Spring_2016_D8_8.18,D8,2016,-2.091652,50.64256,H,0,0,Daphnia pulex,0,Europe,Daphnia.pulex.Europe.GBR
Spring_2016_D8_8.2,D8,2016,-2.091652,50.64256,W,1,0,Daphnia pulex,0,Europe,Daphnia.pulex.Europe.GBR
Spring_2016_D8_8.20,D8,2016,-2.091652,50.64256,W,0,0,Daphnia pulex,0,Europe,Daphnia.pulex.Europe.GBR
Spring_2016_D8_8.21,D8,2016,-2.091652,50.64256,H,0,0,Daphnia pulex,0,Europe,Daphnia.pulex.Europe.GBR
Spring_2016_D8_8.23,D8,2016,-2.091652,50.64256,poC,0,0,Daphnia pulex,0,Europe,Daphnia.pulex.Europe.GBR
Spring_2016_D8_8.24,D8,2016,-2.091652,50.64256,poH,0,0,Daphnia pulex,0,Europe,Daphnia.pulex.Europe.GBR
Spring_2016_D8_8.25,D8,2016,-2.091652,50.64256,A,0,0,Daphnia pulex,0,Europe,Daphnia.pulex.Europe.GBR
Spring_2016_D8_8.26,D8,2016,-2.091652,50.64256,OO,0,0,Daphnia pulex,0,Europe,Daphnia.pulex.Europe.GBR
Spring_2016_D8_8.28,D8,2016,-2.091652,50.64256,H,0,0,Daphnia pulex,0,Europe,Daphnia.pulex.Europe.GBR
Spring_2016_D8_8.29,D8,2016,-2.091652,50.64256,H,0,0,Daphnia pulex,0,Europe,Daphnia.pulex.Europe.GBR
Spring_2016_D8_8.3,D8,2016,-2.091652,50.64256,H,0,0,Daphnia pulex,0,Europe,Daphnia.pulex.Europe.GBR
Spring_2016_D8_8.31,D8,2016,-2.091652,50.64256,poW,0,0,Daphnia pulex,0,Europe,Daphnia.pulex.Europe.GBR
Spring_2016_D8_8.32,D8,2016,-2.091652,50.64256,H,0,0,Daphnia pulex,0,Europe,Daphnia.pulex.Europe.GBR
Spring_2016_D8_8.35,D8,2016,-2.091652,50.64256,H,0,0,Daphnia pulex,0,Europe,Daphnia.pulex.Europe.GBR
Spring_2016_D8_8.36,D8,2016,-2.091652,50.64256,H,0,0,Daphnia pulex,0,Europe,Daphnia.pulex.Europe.GBR
Spring_2016_D8_8.8,D8,2016,-2.091652,50.64256,H,0,0,Daphnia pulex,0,Europe,Daphnia.pulex.Europe.GBR
Spring_2016_D8_8.9,D8,2016,-2.091652,50.64256,H,0,0,Daphnia pulex,0,Europe,Daphnia.pulex.Europe.GBR
Spring_2016_W1_1.1,W1,2016,-3.008025,53.295635,OO,0,0,Daphnia pulex,0,Europe,Daphnia.pulex.Europe.GBR
Spring_2016_W6_6.1,W6,2016,-3.021544,53.291984,OO,0,0,Daphnia pulex,0,Europe,Daphnia.pulex.Europe.GBR
Spring_2016_W6_6.3,W6,2016,-3.021544,53.291984,OO,0,0,Daphnia pulex,0,Europe,Daphnia.pulex.Europe.GBR
Spring_2017_D8_187,D8,2017,-2.091652,50.64256,A,0,0,Daphnia pulex,0,Europe,Daphnia.pulex.Europe.GBR
Spring_2017_D8_204,D8,2017,-2.091652,50.64256,C,0,0,Daphnia pulex,0,Europe,Daphnia.pulex.Europe.GBR
Spring_2017_D8_224,D8,2017,-2.091652,50.64256,C,0,0,Daphnia pulex,0,Europe,Daphnia.pulex.Europe.GBR
Spring_2017_D8_225,D8,2017,-2.091652,50.64256,A,0,0,Daphnia pulex,0,Europe,Daphnia.pulex.Europe.GBR
Spring_2017_D8_262,D8,2017,-2.091652,50.64256,A,0,0,Daphnia pulex,0,Europe,Daphnia.pulex.Europe.GBR
Spring_2017_D8_282,D8,2017,-2.091652,50.64256,A,0,0,Daphnia pulex,0,Europe,Daphnia.pulex.Europe.GBR
Spring_2017_D8_294,D8,2017,-2.091652,50.64256,A,0,0,Daphnia pulex,0,Europe,Daphnia.pulex.Europe.GBR
Spring_2017_D8_327,D8,2017,-2.091652,50.64256,A,0,0,Daphnia pulex,0,Europe,Daphnia.pulex.Europe.GBR
Spring_2017_D8_329,D8,2017,-2.091652,50.64256,A,0,0,Daphnia pulex,0,Europe,Daphnia.pulex.Europe.GBR
Spring_2017_D8_336,D8,2017,-2.091652,50.64256,OO,0,0,Daphnia pulex,0,Europe,Daphnia.pulex.Europe.GBR
Spring_2017_D8_339,D8,2017,-2.091652,50.64256,A,0,0,Daphnia pulex,0,Europe,Daphnia.pulex.Europe.GBR
Spring_2017_D8_340,D8,2017,-2.091652,50.64256,A,0,0,Daphnia pulex,0,Europe,Daphnia.pulex.Europe.GBR
Spring_2017_D8_343,D8,2017,-2.091652,50.64256,A,0,0,Daphnia pulex,0,Europe,Daphnia.pulex.Europe.GBR
Spring_2017_D8_350,D8,2017,-2.091652,50.64256,A,0,0,Daphnia pulex,0,Europe,Daphnia.pulex.Europe.GBR
Spring_2017_D8_362,D8,2017,-2.091652,50.64256,A,0,0,Daphnia pulex,0,Europe,Daphnia.pulex.Europe.GBR
Spring_2017_D8_366,D8,2017,-2.091652,50.64256,A,0,0,Daphnia pulex,0,Europe,Daphnia.pulex.Europe.GBR
Spring_2017_DBunk_101,DBunk,2017,-2.09237,50.64259,F,0,0,Daphnia pulex,0,Europe,Daphnia.pulex.Europe.GBR
Spring_2017_DBunk_106,DBunk,2017,-2.09237,50.64259,L,0,0,Daphnia pulex,0,Europe,Daphnia.pulex.Europe.GBR
Spring_2017_DBunk_110,DBunk,2017,-2.09237,50.64259,M,0,0,Daphnia pulex,0,Europe,Daphnia.pulex.Europe.GBR
Spring_2017_DBunk_113,DBunk,2017,-2.09237,50.64259,OO,0,0,Daphnia pulex,0,Europe,Daphnia.pulex.Europe.GBR
Spring_2017_DBunk_116,DBunk,2017,-2.09237,50.64259,E,0,0,Daphnia pulex,0,Europe,Daphnia.pulex.Europe.GBR
Spring_2017_DBunk_116SM,DBunk,2017,-2.09237,50.64259,E,1,0,Daphnia pulex,0,Europe,Daphnia.pulex.Europe.GBR
Spring_2017_DBunk_122,DBunk,2017,-2.09237,50.64259,OO,0,0,Daphnia pulex,0,Europe,Daphnia.pulex.Europe.GBR
Spring_2017_DBunk_125,DBunk,2017,-2.09237,50.64259,OO,0,0,Daphnia pulex,0,Europe,Daphnia.pulex.Europe.GBR
Spring_2017_DBunk_143,DBunk,2017,-2.09237,50.64259,OO,0,0,Daphnia pulex,0,Europe,Daphnia.pulex.Europe.GBR
Spring_2017_DBunk_190,DBunk,2017,-2.09237,50.64259,E,0,0,Daphnia pulex,0,Europe,Daphnia.pulex.Europe.GBR
Spring_2017_DBunk_198,DBunk,2017,-2.09237,50.64259,AO,0,0,Daphnia pulex,0,Europe,Daphnia.pulex.Europe.GBR
Spring_2017_DBunk_209,DBunk,2017,-2.09237,50.64259,E,0,0,Daphnia pulex,0,Europe,Daphnia.pulex.Europe.GBR
Spring_2017_DBunk_215,DBunk,2017,-2.09237,50.64259,K,0,0,Daphnia pulex,0,Europe,Daphnia.pulex.Europe.GBR
Spring_2017_DBunk_217,DBunk,2017,-2.09237,50.64259,OO,0,0,Daphnia pulex,0,Europe,Daphnia.pulex.Europe.GBR
Spring_2017_DBunk_222,DBunk,2017,-2.09237,50.64259,AP,0,0,Daphnia pulex,0,Europe,Daphnia.pulex.Europe.GBR
Spring_2017_DBunk_228,DBunk,2017,-2.09237,50.64259,E,0,0,Daphnia pulex,0,Europe,Daphnia.pulex.Europe.GBR
Spring_2017_DBunk_242,DBunk,2017,-2.09237,50.64259,OO,0,0,Daphnia pulex,0,Europe,Daphnia.pulex.Europe.GBR
Spring_2017_DBunk_252,DBunk,2017,-2.09237,50.64259,OO,0,0,Daphnia pulex,0,Europe,Daphnia.pulex.Europe.GBR
Spring_2017_DBunk_260,DBunk,2017,-2.09237,50.64259,OO,0,0,Daphnia pulex,0,Europe,Daphnia.pulex.Europe.GBR
Spring_2017_DBunk_277,DBunk,2017,-2.09237,50.64259,L,0,0,Daphnia pulex,0,Europe,Daphnia.pulex.Europe.GBR
Spring_2017_DBunk_281,DBunk,2017,-2.09237,50.64259,M,0,0,Daphnia pulex,0,Europe,Daphnia.pulex.Europe.GBR
Spring_2017_DBunk_295,DBunk,2017,-2.09237,50.64259,E,0,0,Daphnia pulex,0,Europe,Daphnia.pulex.Europe.GBR
Spring_2017_DBunk_298,DBunk,2017,-2.09237,50.64259,L,0,0,Daphnia pulex,0,Europe,Daphnia.pulex.Europe.GBR
Spring_2017_DBunk_315,DBunk,2017,-2.09237,50.64259,OO,0,0,Daphnia pulex,0,Europe,Daphnia.pulex.Europe.GBR
Spring_2017_DBunk_317,DBunk,2017,-2.09237,50.64259,Y,0,0,Daphnia pulex,0,Europe,Daphnia.pulex.Europe.GBR
Spring_2017_DBunk_320,DBunk,2017,-2.09237,50.64259,E,0,0,Daphnia pulex,0,Europe,Daphnia.pulex.Europe.GBR
Spring_2017_DBunk_321,DBunk,2017,-2.09237,50.64259,OO,0,0,Daphnia pulex,0,Europe,Daphnia.pulex.Europe.GBR
Spring_2017_DBunk_333,DBunk,2017,-2.09237,50.64259,F,0,0,Daphnia pulex,0,Europe,Daphnia.pulex.Europe.GBR
Spring_2017_DBunk_338,DBunk,2017,-2.09237,50.64259,E,0,0,Daphnia pulex,0,Europe,Daphnia.pulex.Europe.GBR
Spring_2017_DBunk_34,DBunk,2017,-2.09237,50.64259,E,0,0,Daphnia pulex,0,Europe,Daphnia.pulex.Europe.GBR
Spring_2017_DBunk_347,DBunk,2017,-2.09237,50.64259,F,0,0,Daphnia pulex,0,Europe,Daphnia.pulex.Europe.GBR
Spring_2017_DBunk_347SM,DBunk,2017,-2.09237,50.64259,F,1,0,Daphnia pulex,0,Europe,Daphnia.pulex.Europe.GBR
Spring_2017_DBunk_353,DBunk,2017,-2.09237,50.64259,OO,0,0,Daphnia pulex,0,Europe,Daphnia.pulex.Europe.GBR
Spring_2017_DBunk_359,DBunk,2017,-2.09237,50.64259,E,0,0,Daphnia pulex,0,Europe,Daphnia.pulex.Europe.GBR
Spring_2017_DBunk_360,DBunk,2017,-2.09237,50.64259,OO,0,0,Daphnia pulex,0,Europe,Daphnia.pulex.Europe.GBR
Spring_2017_DBunk_363,DBunk,2017,-2.09237,50.64259,AQ,0,0,Daphnia pulex,0,Europe,Daphnia.pulex.Europe.GBR
Spring_2017_DBunk_367,DBunk,2017,-2.09237,50.64259,OO,0,0,Daphnia pulex,0,Europe,Daphnia.pulex.Europe.GBR
Spring_2017_DBunk_373,DBunk,2017,-2.09237,50.64259,OO,0,0,Daphnia pulex,0,Europe,Daphnia.pulex.Europe.GBR
Spring_2017_DBunk_378,DBunk,2017,-2.09237,50.64259,OO,0,0,Daphnia pulex,0,Europe,Daphnia.pulex.Europe.GBR
Spring_2017_DBunk_380,DBunk,2017,-2.09237,50.64259,F,0,0,Daphnia pulex,0,Europe,Daphnia.pulex.Europe.GBR
Spring_2017_DBunk_387,DBunk,2017,-2.09237,50.64259,OO,0,0,Daphnia pulex,0,Europe,Daphnia.pulex.Europe.GBR
Spring_2017_DBunk_399,DBunk,2017,-2.09237,50.64259,K,0,0,Daphnia pulex,0,Europe,Daphnia.pulex.Europe.GBR
Spring_2017_DBunk_64,DBunk,2017,-2.09237,50.64259,E,0,0,Daphnia pulex,0,Europe,Daphnia.pulex.Europe.GBR
Spring_2017_DBunk_73,DBunk,2017,-2.09237,50.64259,AP,0,0,Daphnia pulex,0,Europe,Daphnia.pulex.Europe.GBR
Spring_2017_DBunk_73SM,DBunk,2017,-2.09237,50.64259,AP,1,0,Daphnia pulex,0,Europe,Daphnia.pulex.Europe.GBR
Spring_2017_DBunk_83,DBunk,2017,-2.09237,50.64259,F,0,0,Daphnia pulex,0,Europe,Daphnia.pulex.Europe.GBR
Spring_2017_DBunk_99,DBunk,2017,-2.09237,50.64259,AQ,0,0,Daphnia pulex,0,Europe,Daphnia.pulex.Europe.GBR
index_8nt_N7_10-index_8nt_N5_436_SL378857_Spring_2018_Pond6_4,Pond6,2018,0.828461,52.082493,,NA,NA,Daphnia pulex,NA,Europe,Daphnia.pulex.Europe.GBR
index_8nt_N7_10-index_8nt_N5_438_SL378868_Spring_2018_Pond6_19,Pond6,2018,0.828461,52.082493,,NA,NA,Daphnia pulex,NA,Europe,Daphnia.pulex.Europe.GBR
index_8nt_N7_10-index_8nt_N5_509_SL378879_Spring_2018_Pond17_7,Pond17,2018,-0.931099,51.345955,,NA,NA,Daphnia pulex,NA,Europe,Daphnia.pulex.Europe.GBR
index_8nt_N7_10-index_8nt_N5_685_SL378890_Spring_2018_Pond22_73,Pond22,2018,-0.312748,53.581442,,NA,NA,Daphnia pulex,NA,Europe,Daphnia.pulex.Europe.GBR
index_8nt_N7_10-index_8nt_N5_700_SL378901_Spring_2018_Pond30_18,Pond30,2018,-1.426357,54.047436,,NA,NA,Daphnia pulex,NA,Europe,Daphnia.pulex.Europe.GBR
index_8nt_N7_10-index_8nt_N5_71_SL379015_Spring_2018_Pond17_63,Pond17,2018,-0.931099,51.345955,,NA,NA,Daphnia pulex,NA,Europe,Daphnia.pulex.Europe.GBR
index_8nt_N7_2-index_8nt_N5_438_SL378971_Spring_2018_Pond17_6,Pond17,2018,-0.931099,51.345955,,NA,NA,Daphnia pulex,NA,Europe,Daphnia.pulex.Europe.GBR
index_8nt_N7_2-index_8nt_N5_509_SL378982_Spring_2018_Pond22_68,Pond22,2018,-0.312748,53.581442,,NA,NA,Daphnia pulex,NA,Europe,Daphnia.pulex.Europe.GBR
index_8nt_N7_2-index_8nt_N5_685_SL378993_Spring_2018_Pond30_16,Pond30,2018,-1.426357,54.047436,,NA,NA,Daphnia pulex,NA,Europe,Daphnia.pulex.Europe.GBR
index_8nt_N7_2-index_8nt_N5_700_SL379004_Spring_2012_D8_6A,D8,2012,-2.091652,50.64256,,NA,NA,Daphnia pulex,NA,Europe,Daphnia.pulex.Europe.GBR
index_8nt_N7_2-index_8nt_N5_71_SL378834_Spring_2018_Pond19_6,Pond19,2018,-0.607703,51.087745,,NA,NA,Daphnia pulex,NA,Europe,Daphnia.pulex.Europe.GBR
index_8nt_N7_215-index_8nt_N5_184_SL378923_Spring_2018_Pond17_64,Pond17,2018,-0.931099,51.345955,,NA,NA,Daphnia pulex,NA,Europe,Daphnia.pulex.Europe.GBR
index_8nt_N7_215-index_8nt_N5_239_SL378934_Spring_2018_Pond2_2,Pond2,2018,-3.7837,52.1307,,NA,NA,Daphnia pulex,NA,Europe,Daphnia.pulex.Europe.GBR
index_8nt_N7_215-index_8nt_N5_685_SL378942_Spring_2018_Pond17_10,Pond17,2018,-0.931099,51.345955,,NA,NA,Daphnia pulex,NA,Europe,Daphnia.pulex.Europe.GBR
index_8nt_N7_215-index_8nt_N5_700_SL378943_Spring_2018_Pond24_1,Pond24,2018,-3.019395,53.290379,,NA,NA,Daphnia pulex,NA,Europe,Daphnia.pulex.Europe.GBR
index_8nt_N7_215-index_8nt_N5_71_SL378912_Spring_2018_Pond24_7,Pond24,2018,-3.019395,53.290379,,NA,NA,Daphnia pulex,NA,Europe,Daphnia.pulex.Europe.GBR
index_8nt_N7_294-index_8nt_N5_239_SL378946_Spring_2018_Pond17_65,Pond17,2018,-0.931099,51.345955,,NA,NA,Daphnia pulex,NA,Europe,Daphnia.pulex.Europe.GBR
index_8nt_N7_294-index_8nt_N5_436_SL378947_Spring_2018_Pond2_10,Pond2,2018,-3.7837,52.1307,,NA,NA,Daphnia pulex,NA,Europe,Daphnia.pulex.Europe.GBR
index_8nt_N7_294-index_8nt_N5_509_SL378950_Spring_2018_Pond6_6,Pond6,2018,0.828461,52.082493,,NA,NA,Daphnia pulex,NA,Europe,Daphnia.pulex.Europe.GBR
index_8nt_N7_294-index_8nt_N5_685_SL378951_Spring_2018_Pond6_22,Pond6,2018,0.828461,52.082493,,NA,NA,Daphnia pulex,NA,Europe,Daphnia.pulex.Europe.GBR
index_8nt_N7_294-index_8nt_N5_700_SL378952_Spring_2018_Pond17_11,Pond17,2018,-0.931099,51.345955,,NA,NA,Daphnia pulex,NA,Europe,Daphnia.pulex.Europe.GBR
index_8nt_N7_303-index_8nt_N5_184_SL378954_Spring_2018_Pond30_53,Pond30,2018,-1.426357,54.047436,,NA,NA,Daphnia pulex,NA,Europe,Daphnia.pulex.Europe.GBR
index_8nt_N7_303-index_8nt_N5_239_SL378955_Spring_2018_Pond24_19,Pond24,2018,-3.019395,53.290379,,NA,NA,Daphnia pulex,NA,Europe,Daphnia.pulex.Europe.GBR
index_8nt_N7_303-index_8nt_N5_436_SL378956_Spring_2018_Pond17_69,Pond17,2018,-0.931099,51.345955,,NA,NA,Daphnia pulex,NA,Europe,Daphnia.pulex.Europe.GBR
index_8nt_N7_303-index_8nt_N5_685_SL378959_Spring_2018_Pond6_9,Pond6,2018,0.828461,52.082493,,NA,NA,Daphnia pulex,NA,Europe,Daphnia.pulex.Europe.GBR
index_8nt_N7_303-index_8nt_N5_700_SL378961_Spring_2018_Pond6_23,Pond6,2018,0.828461,52.082493,,NA,NA,Daphnia pulex,NA,Europe,Daphnia.pulex.Europe.GBR
index_8nt_N7_303-index_8nt_N5_71_SL378953_Spring_2018_Pond17_12,Pond17,2018,-0.931099,51.345955,,NA,NA,Daphnia pulex,NA,Europe,Daphnia.pulex.Europe.GBR
index_8nt_N7_389-index_8nt_N5_184_SL378963_Spring_2018_Pond17_16,Pond17,2018,-0.931099,51.345955,,NA,NA,Daphnia pulex,NA,Europe,Daphnia.pulex.Europe.GBR
index_8nt_N7_389-index_8nt_N5_436_SL378965_Spring_2018_Pond24_20,Pond24,2018,-3.019395,53.290379,,NA,NA,Daphnia pulex,NA,Europe,Daphnia.pulex.Europe.GBR
index_8nt_N7_389-index_8nt_N5_700_SL378969_Spring_2018_Pond6_10,Pond6,2018,0.828461,52.082493,,NA,NA,Daphnia pulex,NA,Europe,Daphnia.pulex.Europe.GBR
index_8nt_N7_389-index_8nt_N5_71_SL378962_Spring_2018_Pond6_24,Pond6,2018,0.828461,52.082493,,NA,NA,Daphnia pulex,NA,Europe,Daphnia.pulex.Europe.GBR
index_8nt_N7_472-index_8nt_N5_184_SL378972_Spring_2018_Pond6_25,Pond6,2018,0.828461,52.082493,,NA,NA,Daphnia pulex,NA,Europe,Daphnia.pulex.Europe.GBR
index_8nt_N7_472-index_8nt_N5_239_SL378973_Spring_2018_Pond17_19,Pond17,2018,-0.931099,51.345955,,NA,NA,Daphnia pulex,NA,Europe,Daphnia.pulex.Europe.GBR
index_8nt_N7_472-index_8nt_N5_438_SL378975_Spring_2018_Pond24_23,Pond24,2018,-3.019395,53.290379,,NA,NA,Daphnia pulex,NA,Europe,Daphnia.pulex.Europe.GBR
index_8nt_N7_472-index_8nt_N5_509_SL378976_Spring_2018_Pond17_73,Pond17,2018,-0.931099,51.345955,,NA,NA,Daphnia pulex,NA,Europe,Daphnia.pulex.Europe.GBR
index_8nt_N7_472-index_8nt_N5_71_SL378970_Spring_2018_Pond6_11,Pond6,2018,0.828461,52.082493,,NA,NA,Daphnia pulex,NA,Europe,Daphnia.pulex.Europe.GBR
index_8nt_N7_484-index_8nt_N5_184_SL378980_Spring_2018_Pond6_12,Pond6,2018,0.828461,52.082493,,NA,NA,Daphnia pulex,NA,Europe,Daphnia.pulex.Europe.GBR
index_8nt_N7_484-index_8nt_N5_239_SL378981_Spring_2018_Pond17_1,Pond17,2018,-0.931099,51.345955,,NA,NA,Daphnia pulex,NA,Europe,Daphnia.pulex.Europe.GBR
index_8nt_N7_484-index_8nt_N5_436_SL378983_Spring_2018_Pond17_20,Pond17,2018,-0.931099,51.345955,,NA,NA,Daphnia pulex,NA,Europe,Daphnia.pulex.Europe.GBR
index_8nt_N7_484-index_8nt_N5_509_SL378985_Spring_2018_Pond24_24,Pond24,2018,-3.019395,53.290379,,NA,NA,Daphnia pulex,NA,Europe,Daphnia.pulex.Europe.GBR
index_8nt_N7_484-index_8nt_N5_685_SL378986_Spring_2018_Pond17_74,Pond17,2018,-0.931099,51.345955,,NA,NA,Daphnia pulex,NA,Europe,Daphnia.pulex.Europe.GBR
index_8nt_N7_587-index_8nt_N5_239_SL378990_Spring_2018_Pond6_13,Pond6,2018,0.828461,52.082493,,NA,NA,Daphnia pulex,NA,Europe,Daphnia.pulex.Europe.GBR
index_8nt_N7_587-index_8nt_N5_436_SL378991_Spring_2018_Pond17_2,Pond17,2018,-0.931099,51.345955,,NA,NA,Daphnia pulex,NA,Europe,Daphnia.pulex.Europe.GBR
index_8nt_N7_587-index_8nt_N5_438_SL378992_Spring_2018_Pond17_22,Pond17,2018,-0.931099,51.345955,,NA,NA,Daphnia pulex,NA,Europe,Daphnia.pulex.Europe.GBR
index_8nt_N7_587-index_8nt_N5_685_SL378995_Spring_2018_Pond25_9,Pond25,2018,-3.007721,53.295621,,NA,NA,Daphnia pulex,NA,Europe,Daphnia.pulex.Europe.GBR
index_8nt_N7_587-index_8nt_N5_700_SL378996_Spring_2018_Pond22_50,Pond22,2018,-0.312748,53.581442,,NA,NA,Daphnia pulex,NA,Europe,Daphnia.pulex.Europe.GBR
index_8nt_N7_675-index_8nt_N5_239_SL378999_Spring_2018_Pond5_8,Pond5,2018,0.975512,52.089768,,NA,NA,Daphnia pulex,NA,Europe,Daphnia.pulex.Europe.GBR
index_8nt_N7_675-index_8nt_N5_436_SL379000_Spring_2018_Pond6_14,Pond6,2018,0.828461,52.082493,,NA,NA,Daphnia pulex,NA,Europe,Daphnia.pulex.Europe.GBR
index_8nt_N7_675-index_8nt_N5_438_SL379001_Spring_2018_Pond17_3,Pond17,2018,-0.931099,51.345955,,NA,NA,Daphnia pulex,NA,Europe,Daphnia.pulex.Europe.GBR
index_8nt_N7_675-index_8nt_N5_509_SL379002_Spring_2018_Pond17_51,Pond17,2018,-0.931099,51.345955,,NA,NA,Daphnia pulex,NA,Europe,Daphnia.pulex.Europe.GBR
index_8nt_N7_675-index_8nt_N5_685_SL379003_Spring_2012_C_14,C,2012,-3.7837,52.1307,,NA,NA,Daphnia pulex,NA,Europe,Daphnia.pulex.Europe.GBR
index_8nt_N7_675-index_8nt_N5_700_SL379005_Spring_2018_Pond25_20,Pond25,2018,-3.007721,53.295621,,NA,NA,Daphnia pulex,NA,Europe,Daphnia.pulex.Europe.GBR
index_8nt_N7_675-index_8nt_N5_71_SL378997_Spring_2018_Pond22_51,Pond22,2018,-0.312748,53.581442,,NA,NA,Daphnia pulex,NA,Europe,Daphnia.pulex.Europe.GBR
index_8nt_N7_687-index_8nt_N5_184_SL379007_Spring_2018_Pond22_52,Pond22,2018,-0.312748,53.581442,,NA,NA,Daphnia pulex,NA,Europe,Daphnia.pulex.Europe.GBR
index_8nt_N7_687-index_8nt_N5_239_SL379008_Spring_2018_Pond25_23,Pond25,2018,-3.007721,53.295621,,NA,NA,Daphnia pulex,NA,Europe,Daphnia.pulex.Europe.GBR
index_8nt_N7_687-index_8nt_N5_436_SL379009_Spring_2018_Pond5_9,Pond5,2018,0.975512,52.089768,,NA,NA,Daphnia pulex,NA,Europe,Daphnia.pulex.Europe.GBR
index_8nt_N7_687-index_8nt_N5_685_SL379012_Spring_2018_Pond17_59,Pond17,2018,-0.931099,51.345955,,NA,NA,Daphnia pulex,NA,Europe,Daphnia.pulex.Europe.GBR
index_8nt_N7_711-index_8nt_N5_239_SL379017_Spring_2018_Pond22_60,Pond22,2018,-0.312748,53.581442,,NA,NA,Daphnia pulex,NA,Europe,Daphnia.pulex.Europe.GBR
index_8nt_N7_711-index_8nt_N5_436_SL379018_Spring_2018_Pond30_5,Pond30,2018,-1.426357,54.047436,,NA,NA,Daphnia pulex,NA,Europe,Daphnia.pulex.Europe.GBR
index_8nt_N7_711-index_8nt_N5_438_SL379019_Spring_2018_Pond6_2,Pond6,2018,0.828461,52.082493,,NA,NA,Daphnia pulex,NA,Europe,Daphnia.pulex.Europe.GBR
index_8nt_N7_711-index_8nt_N5_509_SL379020_Spring_2018_Pond6_17,Pond6,2018,0.828461,52.082493,,NA,NA,Daphnia pulex,NA,Europe,Daphnia.pulex.Europe.GBR
index_8nt_N7_711-index_8nt_N5_685_SL379021_Spring_2018_Pond17_5,Pond17,2018,-0.931099,51.345955,,NA,NA,Daphnia pulex,NA,Europe,Daphnia.pulex.Europe.GBR
index_8nt_N7_711-index_8nt_N5_700_SL379022_Spring_2018_Pond17_61,Pond17,2018,-0.931099,51.345955,,NA,NA,Daphnia pulex,NA,Europe,Daphnia.pulex.Europe.GBR
2018_Pulicaria_Pond21_22,Pond21,2018,-0.312748,53.581442,P,0,0,Daphnia pulicaria,0,Europe,Daphnia.pulicaria.Europe.GBR
2018_Pulicaria_Pond22_21,Pond22,2018,-0.312748,53.581442,P,0,0,Daphnia pulicaria,0,Europe,Daphnia.pulicaria.Europe.GBR
2018_Pulicaria_Pond22_53,Pond22,2018,-0.312748,53.581442,P,0,0,Daphnia pulicaria,0,Europe,Daphnia.pulicaria.Europe.GBR
2018_Pulicaria_Pond22_62,Pond22,2018,-0.312748,53.581442,P,0,0,Daphnia pulicaria,0,Europe,Daphnia.pulicaria.Europe.GBR
2018_Pulicaria_Pond22_72,Pond22,2018,-0.312748,53.581442,P,0,0,Daphnia pulicaria,0,Europe,Daphnia.pulicaria.Europe.GBR
index_8nt_N7_10-index_8nt_N5_239_SL378846_Spring_2018_Pond22_62,Pond22,2018,-0.312748,53.581442,,NA,NA,Daphnia pulicaria,NA,Europe,Daphnia.pulicaria.Europe.GBR
index_8nt_N7_472-index_8nt_N5_685_SL378977_Spring_2018_Pond21_22,Pond21,2018,-0.312748,53.581442,,NA,NA,Daphnia pulicaria,NA,Europe,Daphnia.pulicaria.Europe.GBR
index_8nt_N7_484-index_8nt_N5_700_SL378987_Spring_2018_Pond22_21,Pond22,2018,-0.312748,53.581442,,NA,NA,Daphnia pulicaria,NA,Europe,Daphnia.pulicaria.Europe.GBR
